id,first_name,last_name,email,gender,location,Age,Date_of_Arrival,Total_Days_in_Shelter,Total_Days_Homeless,Recurrence,Party_Size,Reason,Risk
1,Cheryl,Hoovart,choovart0@pbs.org,Female,Duba,47,2014-01-01,30,44,81,5,D,Medium
2,Bank,Rosebotham,brosebotham1@squidoo.com,Male,Shicha,47,2019-01-01,19,91,50,1,C,Low
3,Chen,Lindsay,clindsay2@cafepress.com,Male,San Rafael del Sur,19,2004-01-01,51,32,55,5,B,Medium
4,Yale,Amer,yamer3@hc360.com,Male,Niulanshan,76,2012-01-01,91,79,31,3,C,Low
5,Norrie,Stonard,nstonard4@amazon.co.uk,Female,Tokombere,55,2005-01-01,42,30,93,2,D,Low
6,Benedetto,Causby,bcausby5@answers.com,Male,Jalpatagua,22,2005-01-01,54,37,77,1,B,Medium
7,Jannel,Doutch,jdoutch6@cmu.edu,Female,Surin,54,2016-01-01,8,88,22,3,B,High
8,Reggie,Osgar,rosgar7@imageshack.us,Male,Concordia,28,2021-01-01,91,33,54,2,D,Low
9,Eadie,Gillespey,egillespey8@ucla.edu,Female,Norakert,38,2016-01-01,29,85,20,5,B,High
10,Karina,Bignal,kbignal9@ezinearticles.com,Female,Xiaoxiang,23,2007-01-01,87,36,94,3,D,Low
11,Daria,Filochov,dfilochova@google.ca,Female,Zmeyskaya,53,2017-01-01,22,4,94,1,D,Medium
12,Tess,Myner,tmynerb@businessweek.com,Female,Merdeka,66,2003-01-01,56,30,67,4,C,High
13,Arel,Fenny,afennyc@latimes.com,Male,Faro,51,2000-01-01,46,82,18,2,C,High
14,Howard,Lyffe,hlyffed@liveinternet.ru,Male,Nanzhao,40,2003-01-01,3,62,82,5,D,Medium
15,Tyne,Matuskiewicz,tmatuskiewicze@facebook.com,Female,La Motte-Servolex,76,2015-01-01,81,58,16,2,D,High
16,Kylie,Campione,kcampionef@biblegateway.com,Female,Kachkanar,55,2009-01-01,95,75,75,3,C,Low
17,Perl,Barringer,pbarringerg@chron.com,Female,Fenlu,48,2010-01-01,79,48,84,4,D,High
18,Corabel,Jerrard,cjerrardh@latimes.com,Female,Capanema,40,2021-01-01,85,51,82,5,D,Medium
19,Vickie,Beagrie,vbeagriei@sitemeter.com,Female,Tominian,48,2021-01-01,6,91,41,2,A,High
20,Angus,Sawkins,asawkinsj@devhub.com,Male,Miaotou,39,2009-01-01,86,88,82,3,B,Medium
21,Tonnie,Reade,treadek@jimdo.com,Male,Gobojango,73,2006-01-01,61,39,84,4,D,Medium
22,Milton,Nelius,mneliusl@php.net,Male,Wilmington,47,2021-01-01,89,89,55,4,A,High
23,Jules,Marham,jmarhamm@squidoo.com,Male,Heba,79,2001-01-01,11,64,5,5,B,Low
24,Shoshanna,Salvador,ssalvadorn@irs.gov,Female,Colosó,49,2005-01-01,48,57,40,4,C,High
25,Yehudit,Deinhard,ydeinhardo@bloglovin.com,Male,Plavsk,37,2021-01-01,69,54,87,3,C,Medium
26,Janelle,Alison,jalisonp@hibu.com,Female,Daitou,74,2009-01-01,72,15,64,2,D,Medium
27,Jemimah,Renihan,jrenihanq@w3.org,Female,Colorado Springs,36,2013-01-01,33,15,70,3,A,Low
28,Thornton,Coyle,tcoyler@instagram.com,Male,Landi Kotal,75,2019-01-01,63,16,50,2,D,Medium
29,Mei,Berceros,mberceross@huffingtonpost.com,Female,Muraharjo,34,2013-01-01,88,29,8,4,C,Low
30,Anica,Arend,aarendt@unblog.fr,Female,Nalus,37,2016-01-01,51,89,4,5,C,High
31,Nanon,Dewitt,ndewittu@cbsnews.com,Female,Toki,65,2019-01-01,84,8,86,1,A,Low
32,Brigida,Overton,bovertonv@biblegateway.com,Female,Himi,67,2001-01-01,12,39,43,3,C,Low
33,Portie,Robbs,probbsw@nasa.gov,Male,Puyang,62,2012-01-01,26,45,49,4,D,Low
34,Lenna,Pitblado,lpitbladox@tinypic.com,Female,São Pedro Gafanhoeira,23,2000-01-01,53,37,61,4,C,High
35,Dulcy,Scanlan,dscanlany@soup.io,Female,Uddevalla,23,2009-01-01,5,37,52,1,B,High
36,Ave,Adolf,aadolfz@nifty.com,Male,Gémeos,79,2003-01-01,76,19,15,4,D,High
37,Tarah,Petrashov,tpetrashov10@domainmarket.com,Female,Ngurenrejo,70,2012-01-01,62,6,60,4,C,High
38,Myriam,Seville,mseville11@census.gov,Female,Gugut,43,2003-01-01,83,34,67,1,D,Medium
39,Allister,Andersson,aandersson12@homestead.com,Male,Madjeouéni,79,2008-01-01,59,54,3,1,B,Low
40,Gwenneth,Simmell,gsimmell13@nih.gov,Female,Mulhouse,23,2005-01-01,100,62,68,4,C,Low
41,Aguste,De Meyer,ademeyer14@canalblog.com,Male,Bastak,71,2006-01-01,9,15,8,5,C,High
42,Calhoun,Ferrino,cferrino15@ted.com,Male,Pakenjeng,66,2003-01-01,69,76,50,3,C,Medium
43,Rebeka,Sach,rsach16@wikimedia.org,Female,Shangyi,45,2006-01-01,10,3,34,2,A,High
44,Carolina,Krale,ckrale17@berkeley.edu,Female,Paccha,27,2015-01-01,81,73,21,2,C,Low
45,Isaac,Cooke,icooke18@time.com,Male,Gromadka,28,2017-01-01,68,92,41,2,D,Low
46,Lissie,MacGorman,lmacgorman19@sourceforge.net,Female,Dimitsána,55,2012-01-01,84,64,80,5,D,High
47,Lorne,Teffrey,lteffrey1a@tinypic.com,Male,Nové Město nad Metují,18,2016-01-01,71,26,16,4,C,Medium
48,Sander,Sames,ssames1b@squidoo.com,Male,Luhansk,20,2007-01-01,86,56,42,4,C,High
49,Pepito,Songer,psonger1c@forbes.com,Male,Gaio,64,2013-01-01,71,10,82,5,C,Low
50,Merrick,Phipson,mphipson1d@mozilla.com,Male,Kotaagung,18,2012-01-01,27,94,100,3,B,Low
51,Shea,Rays,srays1e@1und1.de,Male,Erjia,50,2008-01-01,74,12,81,1,D,Low
52,Kerri,Fessier,kfessier1f@fotki.com,Female,Shilovo,30,2003-01-01,34,13,16,3,C,Medium
53,Haily,Gammon,hgammon1g@independent.co.uk,Male,Mulhouse,46,2012-01-01,16,88,88,4,C,Medium
54,Torrey,Fitchet,tfitchet1h@cdbaby.com,Male,San Miguel de Tucumán,43,2013-01-01,57,17,69,3,B,Low
55,Mortie,Kiltie,mkiltie1i@free.fr,Male,Bouças,80,2008-01-01,56,59,34,2,A,High
56,Noelani,Morton,nmorton1j@shinystat.com,Female,Tijão,49,2002-01-01,81,4,45,1,B,High
57,Jillayne,Ianizzi,jianizzi1k@netvibes.com,Female,Twardawa,70,2021-01-01,77,84,78,1,C,Medium
58,Godwin,Bartaletti,gbartaletti1l@deliciousdays.com,Male,Pader Palwo,51,2019-01-01,59,74,21,5,A,Medium
59,Humphrey,Rottcher,hrottcher1m@dion.ne.jp,Male,Gião,36,2020-01-01,3,68,81,1,A,High
60,Adelbert,Stanfield,astanfield1n@tinypic.com,Male,Krajan,25,2004-01-01,86,35,89,1,B,Low
61,Geoffry,Davidovsky,gdavidovsky1o@bloglovin.com,Male,Ussel,41,2012-01-01,23,35,61,5,C,High
62,Pete,Staneland,pstaneland1p@businessinsider.com,Male,Kurzętnik,78,2010-01-01,82,22,94,2,C,Medium
63,Ferrell,Strode,fstrode1q@google.cn,Male,Burūm,44,2000-01-01,14,73,80,4,D,High
64,Pandora,Pettiward,ppettiward1r@chicagotribune.com,Female,Frederiksberg,47,2020-01-01,48,50,90,1,A,Low
65,Savina,Riggulsford,sriggulsford1s@purevolume.com,Female,Pingshi,40,2018-01-01,4,24,18,4,A,High
66,Berky,Moncreif,bmoncreif1t@dagondesign.com,Male,Totolan,36,2013-01-01,32,90,56,2,D,Medium
67,Emili,Jenny,ejenny1u@indiegogo.com,Female,Gombe,56,2002-01-01,7,26,79,3,B,High
68,Dominic,Piffe,dpiffe1v@japanpost.jp,Male,Blora,19,2002-01-01,17,88,54,3,C,High
69,D'arcy,Phlipon,dphlipon1w@state.gov,Male,Daliuhao,78,2012-01-01,9,82,62,4,A,Medium
70,Ariela,Summerside,asummerside1x@who.int,Female,Saint-Quentin-Fallavier,41,2010-01-01,49,47,84,3,C,Medium
71,Jeanna,Willacot,jwillacot1y@gov.uk,Female,Digos,30,2012-01-01,54,2,81,2,C,Medium
72,Melisande,Kirsopp,mkirsopp1z@kickstarter.com,Female,Kitapak,40,2018-01-01,99,41,92,5,D,High
73,Tammie,Viollet,tviollet20@google.fr,Female,Medina,40,2005-01-01,21,94,55,4,C,Low
74,Ariela,Jecock,ajecock21@twitter.com,Female,Budzów,73,2008-01-01,8,72,79,1,D,High
75,Kyrstin,Turl,kturl22@mit.edu,Female,Ciranca Satu,21,2021-01-01,95,63,85,3,C,Low
76,Reggie,Barles,rbarles23@wufoo.com,Male,Sanli,67,2011-01-01,56,3,47,5,A,Medium
77,Gilberte,Vallentine,gvallentine24@state.tx.us,Female,Tabou,68,2000-01-01,55,60,76,4,B,Medium
78,Madelaine,Dowall,mdowall25@bloglines.com,Female,Suḩayl Shibām,54,2011-01-01,56,55,98,1,D,High
79,Adriane,McGhee,amcghee26@google.de,Female,Jingdu,70,2005-01-01,61,96,94,4,C,Medium
80,Lelia,Petersen,lpetersen27@archive.org,Female,Vila Franca da Beira,60,2005-01-01,37,61,47,1,A,Medium
81,Gunar,Bibey,gbibey28@icq.com,Male,Alarobia,71,2020-01-01,78,65,2,1,A,High
82,Tyson,MacDonough,tmacdonough29@a8.net,Male,Bălţi,19,2016-01-01,7,29,47,4,D,High
83,Chrissy,Scriven,cscriven2a@geocities.jp,Male,Guoxiang,61,2016-01-01,58,6,75,4,B,Medium
84,Milty,Yurin,myurin2b@histats.com,Male,Seririt,37,2002-01-01,17,48,54,4,B,High
85,Emilie,Collop,ecollop2c@amazon.co.uk,Female,El Regalo,43,2008-01-01,43,38,40,2,D,High
86,Jeanna,Jancey,jjancey2d@technorati.com,Female,Zábřeh,48,2015-01-01,19,30,4,5,D,Medium
87,Felisha,Ipsley,fipsley2e@bloomberg.com,Female,Wulong,19,2008-01-01,20,19,29,5,D,High
88,Zorah,De Filippo,zdefilippo2f@moonfruit.com,Female,Fukiage-fujimi,68,2011-01-01,19,24,39,2,B,Medium
89,Karyn,Crush,kcrush2g@cisco.com,Female,Vargem Grande Paulista,69,2015-01-01,53,96,45,1,B,High
90,Sydney,Bowhey,sbowhey2h@goo.ne.jp,Female,Qiaoyi,66,2002-01-01,30,37,41,2,A,High
91,Rickie,Line,rline2i@blog.com,Female,Wangchuanchang,49,2001-01-01,51,22,48,4,D,Medium
92,Elvyn,Broschek,ebroschek2j@arstechnica.com,Male,Qiancheng,62,2018-01-01,35,59,92,5,A,High
93,Livvie,Mc Grath,lmcgrath2k@newyorker.com,Female,Mababanaba,21,2015-01-01,81,5,69,2,D,Low
94,Gasparo,Rheubottom,grheubottom2l@youtu.be,Male,Sanchahe,35,2015-01-01,29,68,15,5,C,High
95,Fleming,Veronique,fveronique2m@stanford.edu,Male,Libourne,22,2019-01-01,80,9,46,1,A,Medium
96,Peadar,Laxtonne,plaxtonne2n@4shared.com,Male,Všestary,21,2015-01-01,13,70,93,1,C,Low
97,Lyndell,Coburn,lcoburn2o@github.com,Female,Malé Svatoňovice,71,2005-01-01,20,78,4,5,A,Low
98,Orsola,Barnwall,obarnwall2p@mayoclinic.com,Female,Storuman,72,2003-01-01,58,44,78,2,A,High
99,Evan,Ladlow,eladlow2q@php.net,Male,Kalodu,47,2012-01-01,25,39,79,4,D,High
100,Brandyn,Grimsdike,bgrimsdike2r@free.fr,Male,Clermont-Ferrand,68,2012-01-01,95,65,61,4,D,High
101,Hyacinth,Cureton,hcureton2s@360.cn,Female,Cikadongdong,21,2007-01-01,66,79,26,4,C,Low
102,Vina,Odlin,vodlin2t@ft.com,Female,Ani-e,68,2015-01-01,59,30,17,2,B,High
103,Janos,Marson,jmarson2u@jugem.jp,Male,Tangal,37,2011-01-01,100,72,18,4,B,Medium
104,Thelma,Bouskill,tbouskill2v@tiny.cc,Female,Ijuí,27,2009-01-01,31,17,11,5,C,High
105,Thedrick,Entissle,tentissle2w@arizona.edu,Male,Gobernador Ingeniero Valentín Virasoro,35,2015-01-01,7,41,17,2,C,Medium
106,Mahmud,Rosenblath,mrosenblath2x@fema.gov,Male,Rāmhormoz,26,2017-01-01,84,84,5,5,C,Low
107,Barris,Burgis,bburgis2y@tuttocitta.it,Male,Lucheng,37,2020-01-01,61,38,56,5,C,Medium
108,Clari,Yerrill,cyerrill2z@prnewswire.com,Female,Churubamba,33,2014-01-01,32,55,87,5,A,Low
109,Iona,Gilliver,igilliver30@netlog.com,Female,Nikol’skoye,58,2016-01-01,36,76,7,5,A,High
110,Kellsie,Andrivel,kandrivel31@usatoday.com,Female,Lokossa,18,2001-01-01,94,79,28,3,A,High
111,Aldwin,Vlahos,avlahos32@devhub.com,Male,Poggio di Chiesanuova,63,2010-01-01,66,68,87,4,B,High
112,Willey,Rockliffe,wrockliffe33@theglobeandmail.com,Male,Feyẕābād,42,2006-01-01,8,44,23,2,A,Medium
113,Dilan,Gittoes,dgittoes34@qq.com,Male,Sibanicú,42,2011-01-01,22,36,51,5,C,Medium
114,Jaymee,Kemmer,jkemmer35@sina.com.cn,Female,Ekou,50,2006-01-01,56,77,62,4,C,Medium
115,Donovan,Smeed,dsmeed36@webnode.com,Male,Ledoy,80,2014-01-01,35,54,57,3,B,High
116,Sharline,Snepp,ssnepp37@phpbb.com,Female,Ipirá,34,2015-01-01,58,42,88,2,D,Low
117,Padgett,Abramsky,pabramsky38@reddit.com,Male,Lebak,28,2010-01-01,7,89,83,1,A,Medium
118,Sibylla,Lavall,slavall39@bravesites.com,Female,Miguel Hidalgo,53,2009-01-01,11,55,69,3,D,Medium
119,Oswald,Roache,oroache3a@businessinsider.com,Male,Abomsa,46,2008-01-01,93,65,67,2,C,High
120,Jerald,Goade,jgoade3b@posterous.com,Male,Az Zabadānī,66,2020-01-01,1,20,43,4,D,High
121,Thibaud,Tidey,ttidey3c@ucoz.com,Male,Milanów,64,2001-01-01,2,66,89,3,B,Low
122,Lockwood,Nashe,lnashe3d@examiner.com,Male,Shibata,40,2021-01-01,84,3,30,5,B,Medium
123,Aveline,Cowton,acowton3e@state.gov,Female,Longxing,48,2005-01-01,46,11,85,3,A,Medium
124,Cristi,Lerner,clerner3f@china.com.cn,Female,Ust-Maya,30,2021-01-01,26,18,42,2,C,Low
125,Maureene,Jacop,mjacop3g@about.com,Female,Longquan,38,2003-01-01,43,51,74,2,C,Medium
126,Tabby,Ryson,tryson3h@clickbank.net,Female,Arīḩā,26,2013-01-01,51,44,32,2,D,Low
127,Theodor,Drackford,tdrackford3i@fotki.com,Male,Dongpu,53,2008-01-01,90,93,78,2,B,High
128,Any,Keeler,akeeler3j@sogou.com,Male,Trŭn,55,2000-01-01,59,93,41,1,C,High
129,Maitilde,Luddy,mluddy3k@cornell.edu,Female,Buk,33,2005-01-01,66,32,86,5,C,High
130,Julio,Drei,jdrei3l@cpanel.net,Male,Prelog,64,2010-01-01,48,33,34,4,C,Low
131,Fran,Tabor,ftabor3m@acquirethisname.com,Female,Lucapon,38,2013-01-01,98,90,49,4,A,Medium
132,Jim,Shackesby,jshackesby3n@over-blog.com,Male,Druya,79,2020-01-01,35,81,59,1,D,High
133,Matilde,Scotchford,mscotchford3o@ihg.com,Female,Bulubrangsi,70,2011-01-01,95,22,53,2,A,Low
134,Jonell,Margeram,jmargeram3p@time.com,Female,Bagnolet,75,2010-01-01,8,7,96,1,B,Medium
135,Cathleen,Borgne,cborgne3q@bluehost.com,Female,Oefau,75,2002-01-01,88,64,34,4,C,Medium
136,Lilyan,Mapplethorpe,lmapplethorpe3r@archive.org,Female,Obuasi,54,2020-01-01,64,30,21,3,B,High
137,Shae,Mannion,smannion3s@webeden.co.uk,Male,Zahvizdya,47,2006-01-01,7,28,43,1,A,High
138,Banky,Blunsum,bblunsum3t@vinaora.com,Male,Fengyi,58,2018-01-01,64,3,42,1,C,Low
139,Brandy,Drabble,bdrabble3u@issuu.com,Female,Madison,25,2019-01-01,88,94,8,1,D,Medium
140,Arlena,Ference,aference3v@nyu.edu,Female,Lyudinovo,65,2017-01-01,11,99,83,3,B,High
141,Wyatt,Bodsworth,wbodsworth3w@mozilla.com,Male,Shumerlya,21,2017-01-01,5,70,1,1,B,Low
142,Giff,Woollaston,gwoollaston3x@blinklist.com,Male,Randuagung,41,2012-01-01,28,5,69,3,A,Low
143,Darius,Wagon,dwagon3y@seesaa.net,Male,Bang Bo District,54,2018-01-01,8,45,80,3,C,Low
144,Gail,D'Onisi,gdonisi3z@irs.gov,Male,Paphos,45,2008-01-01,56,47,7,1,A,High
145,Bendix,Kingdon,bkingdon40@pcworld.com,Male,Blizne,59,2019-01-01,9,21,16,2,B,Medium
146,Bab,Ochiltree,bochiltree41@amazon.de,Female,Diriomo,40,2020-01-01,77,65,9,1,B,Low
147,Aloin,Glandfield,aglandfield42@squidoo.com,Male,Vittoriosa,42,2010-01-01,31,81,10,3,B,High
148,Bryn,Crehan,bcrehan43@washingtonpost.com,Female,Huansheng,42,2009-01-01,77,50,22,4,A,Low
149,Alisun,Benardet,abenardet44@wp.com,Female,Cambanay,59,2010-01-01,61,31,38,4,A,Low
150,Quentin,Pechan,qpechan45@drupal.org,Male,Yuncao,80,2004-01-01,88,55,13,3,D,Medium
151,Fifine,Hue,fhue46@mysql.com,Female,Sharan,40,2007-01-01,26,45,56,2,C,Low
152,Conchita,Swindlehurst,cswindlehurst47@marriott.com,Female,Yegorlykskaya,22,2017-01-01,64,42,7,3,C,Medium
153,Hal,Greedyer,hgreedyer48@a8.net,Male,Batobato,56,2011-01-01,12,27,58,2,A,Low
154,Tim,Ivankovic,tivankovic49@oaic.gov.au,Female,Chenda,59,2004-01-01,75,38,81,1,D,Low
155,Currie,Abrahamoff,cabrahamoff4a@kickstarter.com,Male,Fotolívos,36,2000-01-01,38,3,69,1,C,Low
156,Morton,Piecha,mpiecha4b@sbwire.com,Male,Czchów,79,2002-01-01,77,54,28,2,B,High
157,Harlie,Quarless,hquarless4c@wikia.com,Female,Longtian,26,2013-01-01,43,60,44,3,C,Medium
158,Celestia,Lucy,clucy4d@redcross.org,Female,San Cristóbal,29,2021-01-01,82,89,76,5,B,Low
159,Pavla,Nind,pnind4e@cpanel.net,Female,Botucatu,64,2018-01-01,54,92,32,3,B,High
160,Garrick,Unsworth,gunsworth4f@usatoday.com,Male,Besisahar,58,2008-01-01,15,95,75,2,D,High
161,Dorelle,Jessel,djessel4g@mtv.com,Female,Lusacan,30,2010-01-01,94,17,5,3,A,Low
162,Claudie,De Matteis,cdematteis4h@gizmodo.com,Female,Hongjiang,26,2002-01-01,23,85,23,4,D,High
163,Palm,Johl,pjohl4i@house.gov,Male,Labinot-Mal,34,2003-01-01,19,17,65,1,A,Medium
164,Bernhard,Aberdeen,baberdeen4j@alibaba.com,Male,Yelan’-Kolenovskiy,31,2016-01-01,9,96,97,1,A,Low
165,Addie,Leil,aleil4k@feedburner.com,Male,Thung Khru,26,2019-01-01,10,90,80,2,A,Medium
166,Lita,Bernhardsson,lbernhardsson4l@fotki.com,Female,Cumadcad,36,2018-01-01,25,92,59,5,D,High
167,Devy,Gledstane,dgledstane4m@boston.com,Male,Raofeng,28,2020-01-01,36,31,19,5,B,Medium
168,Justine,Pinchin,jpinchin4n@forbes.com,Female,Port Antonio,27,2006-01-01,48,41,85,3,D,Medium
169,Garey,Rodear,grodear4o@google.co.jp,Male,Koronowo,24,2005-01-01,10,33,32,5,B,Low
170,Karilynn,Batson,kbatson4p@tmall.com,Female,Colorado Springs,46,2006-01-01,75,8,20,5,B,Low
171,Demetra,Brunsden,dbrunsden4q@biblegateway.com,Female,Qingyang,35,2012-01-01,41,19,20,3,B,Low
172,Reube,Beard,rbeard4r@netvibes.com,Male,Jīsh,52,2008-01-01,12,42,60,2,A,High
173,Jayne,Di Matteo,jdimatteo4s@intel.com,Female,Vesoul,29,2015-01-01,63,46,49,1,C,High
174,Walt,De Giovanni,wdegiovanni4t@shinystat.com,Male,Nouaseur,39,2000-01-01,13,73,48,2,D,High
175,Bettye,Addicote,baddicote4u@msu.edu,Female,Xicheng,55,2003-01-01,19,65,1,4,D,Medium
176,Xenia,Pawellek,xpawellek4v@livejournal.com,Female,Kota Kinabalu,34,2012-01-01,30,17,22,5,C,High
177,Demott,Kinahan,dkinahan4w@odnoklassniki.ru,Male,Aţ Ţurrah,22,2017-01-01,1,15,22,2,C,Medium
178,Phillipp,Dwelley,pdwelley4x@europa.eu,Male,Duayaw Nkwanta,78,2018-01-01,64,59,23,5,C,Low
179,Terrell,Choppin,tchoppin4y@google.co.jp,Male,Kota Kinabalu,19,2003-01-01,68,36,53,5,A,High
180,Kaela,Boyd,kboyd4z@gravatar.com,Female,Xiage,48,2009-01-01,20,27,11,2,A,Low
181,Donnamarie,Shovlin,dshovlin50@tumblr.com,Female,Mucuri,27,2007-01-01,81,77,47,4,D,Low
182,Chandra,Thexton,cthexton51@ezinearticles.com,Female,Lubień Kujawski,69,2012-01-01,23,47,89,2,A,Low
183,Dene,Coners,dconers52@toplist.cz,Male,Sendai-shi,72,2006-01-01,70,91,41,3,C,High
184,Korey,Gritten,kgritten53@wufoo.com,Male,Kuala Lumpur,74,2004-01-01,37,20,3,2,B,Medium
185,Enos,Bewley,ebewley54@admin.ch,Male,Khao Wong,31,2004-01-01,94,57,53,3,D,Medium
186,Filip,Newband,fnewband55@odnoklassniki.ru,Male,Kinel’-Cherkassy,67,2010-01-01,99,61,82,5,C,Low
187,Hartwell,Kepling,hkepling56@tumblr.com,Male,Garunggang,63,2015-01-01,12,73,58,4,C,High
188,Rex,Syalvester,rsyalvester57@cafepress.com,Male,Mae Lao,20,2014-01-01,73,92,62,2,B,High
189,Dene,Kivelle,dkivelle58@cbsnews.com,Male,Khryashchevka,57,2016-01-01,16,65,50,3,C,High
190,Shelton,Shavel,sshavel59@flavors.me,Male,Beira,63,2012-01-01,83,75,54,3,B,High
191,Mozelle,Tankin,mtankin5a@yellowpages.com,Female,Mojorembun,46,2017-01-01,83,15,93,4,C,Low
192,Emmanuel,Beedie,ebeedie5b@netscape.com,Male,Runka,29,2016-01-01,48,98,18,4,C,Medium
193,Danell,Idel,didel5c@twitpic.com,Female,Dolsk,66,2015-01-01,5,13,33,4,A,High
194,Nanine,Picton,npicton5d@marketwatch.com,Female,Acolla,48,2018-01-01,40,77,27,2,A,Medium
195,Carmencita,Hake,chake5e@statcounter.com,Female,Chayek,35,2007-01-01,64,70,19,1,C,Low
196,Renault,Stidson,rstidson5f@t.co,Male,Xushan,51,2018-01-01,59,26,68,2,B,Medium
197,Phoebe,Downage,pdownage5g@miibeian.gov.cn,Female,Calvário,46,2011-01-01,35,64,19,4,A,High
198,Dorolice,McGaughay,dmcgaughay5h@pagesperso-orange.fr,Female,Jielin,23,2005-01-01,96,60,28,2,D,Low
199,Artair,Reveland,areveland5i@tripadvisor.com,Male,Šentilj v Slov. Goricah,67,2013-01-01,5,12,33,1,C,Low
200,Patten,Magnar,pmagnar5j@issuu.com,Male,Mino,53,2004-01-01,2,54,26,1,C,Low
201,Aurelea,Lydiatt,alydiatt5k@disqus.com,Female,Rahayu,22,2018-01-01,63,99,79,4,D,Medium
202,Dorette,Hamm,dhamm5l@va.gov,Female,Sungaibengkal,62,2015-01-01,63,88,34,5,D,Low
203,Pearle,Frankcombe,pfrankcombe5m@smh.com.au,Female,Noeltoko,27,2021-01-01,23,50,11,5,D,Low
204,Roxine,MacNalley,rmacnalley5n@tinypic.com,Female,Lisewo,75,2000-01-01,93,76,23,4,B,High
205,Anthea,Sweatland,asweatland5o@wunderground.com,Female,Jincheng,23,2018-01-01,40,93,58,1,C,Low
206,Elicia,Ropkins,eropkins5p@nationalgeographic.com,Female,Qinjiang,57,2011-01-01,59,86,72,1,A,Medium
207,Madeline,Mc Gaughey,mmcgaughey5q@guardian.co.uk,Female,Payao,36,2018-01-01,95,54,69,2,B,Medium
208,Maxim,Northill,mnorthill5r@jiathis.com,Male,Sherwood Park,76,2000-01-01,6,89,2,4,A,High
209,Ingmar,Duggen,iduggen5s@etsy.com,Male,Tuanjie,33,2008-01-01,74,82,40,5,D,High
210,Adelaida,Kuhnke,akuhnke5t@usnews.com,Female,Mekele,75,2018-01-01,84,100,89,5,C,High
211,Joyce,Woodlands,jwoodlands5u@theguardian.com,Female,Krasnorechenskiy,35,2008-01-01,63,32,56,3,A,High
212,Dorelia,Markey,dmarkey5v@t-online.de,Female,Camarate,64,2008-01-01,78,90,31,4,A,Low
213,Ricardo,Neale,rneale5w@squidoo.com,Male,Campo Quijano,60,2017-01-01,99,91,88,5,B,High
214,Thia,Keyzor,tkeyzor5x@wikimedia.org,Female,Xingguo,69,2012-01-01,5,15,90,5,A,Low
215,Britta,Spancock,bspancock5y@technorati.com,Female,Billdal,68,2001-01-01,39,49,50,4,A,High
216,Hermon,Brose,hbrose5z@ibm.com,Male,Changcun,49,2009-01-01,53,3,1,2,C,Low
217,Joela,Knewstub,jknewstub60@gmpg.org,Female,Antioquia,62,2021-01-01,26,7,7,3,B,High
218,Corrina,Archer,carcher61@dailymotion.com,Female,Ankou,37,2007-01-01,79,66,65,5,B,Low
219,Eberhard,Phelips,ephelips62@elpais.com,Male,Beroroha,22,2014-01-01,70,82,46,5,D,Medium
220,Webb,Bottrell,wbottrell63@stumbleupon.com,Male,San Juan del Surutú,52,2012-01-01,93,45,70,2,B,High
221,Russ,Neate,rneate64@home.pl,Male,Portachuelo,31,2010-01-01,38,40,93,3,C,Low
222,Karlotte,Heffron,kheffron65@desdev.cn,Female,Piet Retief,26,2014-01-01,12,41,100,5,D,Low
223,Manuel,Oland,moland66@virginia.edu,Male,Yongchang,33,2013-01-01,43,86,84,1,D,High
224,Sawyere,Kingswold,skingswold67@zdnet.com,Male,Adzopé,79,2008-01-01,73,1,59,2,D,Medium
225,Carlie,Machan,cmachan68@npr.org,Female,Agualote,65,2017-01-01,76,16,22,4,A,High
226,Morgen,Peach,mpeach69@hud.gov,Male,Pamoyanan,43,2002-01-01,37,28,51,4,D,High
227,Martie,Yell,myell6a@stumbleupon.com,Female,Tsuen Wan,80,2021-01-01,13,21,28,5,A,High
228,Angie,Keig,akeig6b@wunderground.com,Female,Wujiayao,30,2003-01-01,95,87,100,5,D,High
229,Astra,Genge,agenge6c@g.co,Female,Trudobelikovskiy,24,2013-01-01,74,73,10,4,B,Medium
230,Glen,Andreoletti,gandreoletti6d@rediff.com,Female,Lincoln,20,2006-01-01,63,52,2,5,B,Medium
231,Karlens,Domnin,kdomnin6e@yahoo.com,Male,Ghār al Milḩ,55,2015-01-01,97,73,78,2,C,High
232,Hedda,Grafton-Herbert,hgraftonherbert6f@nature.com,Female,Qionghai,75,2006-01-01,100,49,99,1,C,Medium
233,Aurilia,Galliver,agalliver6g@blogtalkradio.com,Female,Kamirenjaku,48,2005-01-01,23,77,5,1,C,Low
234,Carina,Noel,cnoel6h@time.com,Female,Nova Prata,50,2016-01-01,81,91,37,3,A,Medium
235,Morgun,Vinnicombe,mvinnicombe6i@phpbb.com,Male,Podhum,46,2002-01-01,47,76,62,4,C,High
236,Lucho,Chell,lchell6j@360.cn,Male,Mesopotam,68,2000-01-01,60,59,54,2,D,Low
237,Ab,Marjanovic,amarjanovic6k@nyu.edu,Male,Dongzhang,53,2019-01-01,56,54,47,4,C,Medium
238,Hilario,Salack,hsalack6l@mit.edu,Male,Hengli,74,2019-01-01,41,27,61,2,B,Low
239,Ellen,Mosson,emosson6m@de.vu,Female,La Virtud,74,2004-01-01,20,46,7,4,A,Medium
240,Aurilia,Muddiman,amuddiman6n@umich.edu,Female,Hongtang,23,2004-01-01,63,94,79,3,A,High
241,Nels,Rubinek,nrubinek6o@stanford.edu,Male,Khōshī,26,2018-01-01,51,97,63,2,C,Medium
242,Mag,Forbear,mforbear6p@topsy.com,Female,Bojonglarang,21,2010-01-01,65,12,25,1,B,High
243,Conrade,Guillard,cguillard6q@pen.io,Male,Sukarama,40,2009-01-01,57,11,52,2,B,Low
244,Akim,Maple,amaple6r@indiatimes.com,Male,Zizhao,42,2017-01-01,92,97,14,5,C,Low
245,Reiko,Yoxall,ryoxall6s@salon.com,Female,Songshan,57,2013-01-01,25,4,59,5,A,Medium
246,Samuel,Rudge,srudge6t@ihg.com,Male,Žitenice,44,2002-01-01,92,50,15,1,D,Medium
247,Clark,Strippel,cstrippel6u@sciencedaily.com,Male,Troyes,19,2012-01-01,34,75,65,1,C,High
248,Conrado,Sharper,csharper6v@seesaa.net,Male,Kipini,24,2000-01-01,12,62,42,5,B,Medium
249,Noella,Pugsley,npugsley6w@stumbleupon.com,Female,Baalbek,46,2002-01-01,76,54,21,3,D,Medium
250,Merill,Sandercroft,msandercroft6x@g.co,Male,Rancho Viejo,36,2002-01-01,85,64,35,3,D,High
251,Alistair,Chaimson,achaimson6y@usgs.gov,Male,Sokol,80,2017-01-01,45,65,26,1,C,High
252,Bobbette,Kearey,bkearey6z@naver.com,Female,Sila Lat,55,2006-01-01,68,23,45,4,C,Medium
253,Beltran,Morforth,bmorforth70@exblog.jp,Male,Xinshui,27,2019-01-01,82,30,19,4,B,Medium
254,Wesley,Germon,wgermon71@scientificamerican.com,Male,Krandil,22,2007-01-01,31,76,53,5,D,Medium
255,Justino,McMurty,jmcmurty72@gravatar.com,Male,Évry,69,2011-01-01,23,69,9,4,B,High
256,Ennis,Cridlin,ecridlin73@google.cn,Male,Thouars,65,2021-01-01,1,8,14,2,B,Medium
257,Elicia,Hassett,ehassett74@uol.com.br,Female,Kyprínos,63,2003-01-01,71,91,17,5,D,High
258,Dallas,Lantuffe,dlantuffe75@xinhuanet.com,Male,Horad Smalyavichy,61,2020-01-01,44,53,59,2,B,High
259,Clementina,Josephov,cjosephov76@timesonline.co.uk,Female,Yuanzhou,33,2012-01-01,97,43,33,5,C,Medium
260,Godfrey,Daulton,gdaulton77@earthlink.net,Male,Ainaži,25,2003-01-01,66,50,86,3,A,High
261,Trent,Northam,tnortham78@nydailynews.com,Male,Pombal,29,2018-01-01,22,20,23,4,D,High
262,Torrance,Pirrone,tpirrone79@studiopress.com,Male,Jiucaizhuang,63,2011-01-01,34,18,10,1,C,High
263,Tracy,Tender,ttender7a@comsenz.com,Male,Béziers,61,2017-01-01,77,8,86,1,C,High
264,Joaquin,Brazener,jbrazener7b@gizmodo.com,Male,Trondheim,35,2007-01-01,47,28,25,1,D,High
265,Shirley,Hankinson,shankinson7c@shutterfly.com,Female,Lazaro Cardenas,57,2014-01-01,49,46,49,4,C,Medium
266,Guthrey,Coggon,gcoggon7d@addtoany.com,Male,El Carmen de Bolívar,71,2011-01-01,99,94,98,5,A,Medium
267,Matthiew,Volker,mvolker7e@freewebs.com,Male,Pantai Ceuremen,47,2010-01-01,14,39,57,3,D,Medium
268,Henrietta,Magnar,hmagnar7f@ucoz.com,Female,Panggungwinong,78,2003-01-01,67,49,55,4,B,Low
269,Astrid,Stuckes,astuckes7g@youku.com,Female,Du’ermenqin,28,2007-01-01,44,69,75,4,D,High
270,Bradan,Clyant,bclyant7h@mashable.com,Male,Saint-Flour,71,2021-01-01,70,94,61,2,C,Medium
271,Petra,Calver,pcalver7i@bandcamp.com,Female,Sattahip,76,2001-01-01,1,90,50,4,A,Medium
272,Samara,Rodda,srodda7j@google.it,Female,Matadi,54,2019-01-01,74,86,45,5,D,High
273,Skip,Beadman,sbeadman7k@typepad.com,Male,Floreşti,29,2020-01-01,72,58,93,4,B,Medium
274,Etienne,Boud,eboud7l@mapquest.com,Male,Kangding,67,2006-01-01,91,95,47,5,A,Low
275,Griz,Rawlingson,grawlingson7m@sciencedirect.com,Male,Shijiao,32,2002-01-01,11,57,44,4,A,High
276,Rosaleen,Ullyatt,rullyatt7n@pen.io,Female,Letpandan,52,2013-01-01,40,36,76,3,D,Medium
277,Darci,Worrill,dworrill7o@springer.com,Female,Helsingborg,80,2019-01-01,43,43,49,4,B,Medium
278,Colly,Kingsbury,ckingsbury7p@github.com,Female,Erdao,61,2016-01-01,25,64,18,5,C,High
279,Wallie,Adrain,wadrain7q@barnesandnoble.com,Male,Zhushan,20,2017-01-01,97,37,60,1,A,Low
280,Gene,Scrimshire,gscrimshire7r@globo.com,Male,Panggungasri,77,2018-01-01,52,23,56,1,A,Medium
281,Pearl,Gaitley,pgaitley7s@netlog.com,Female,Bāzārak,58,2017-01-01,64,73,56,5,D,High
282,Henka,Carneck,hcarneck7t@timesonline.co.uk,Female,Mosina,30,2021-01-01,75,50,63,3,C,High
283,Flore,Palfery,fpalfery7u@studiopress.com,Female,Newton,65,2014-01-01,3,47,3,5,D,Medium
284,Joeann,Dallyn,jdallyn7v@ow.ly,Female,Prochnookopskaya,31,2000-01-01,44,69,30,5,A,High
285,Damon,Mussilli,dmussilli7w@acquirethisname.com,Male,Florida,24,2010-01-01,46,92,62,4,C,Medium
286,Amil,Whitesel,awhitesel7x@hud.gov,Female,Xinkai,63,2002-01-01,60,32,72,2,C,High
287,Giulietta,Rubertis,grubertis7y@google.com,Female,Quime,43,2001-01-01,95,22,50,2,B,Low
288,Nikolos,Pylkynyton,npylkynyton7z@seattletimes.com,Male,Wudabao,51,2019-01-01,33,68,49,3,B,High
289,Chuck,Pesic,cpesic80@statcounter.com,Male,Ibarreta,41,2014-01-01,71,53,85,3,D,Medium
290,Gonzales,MacIllrick,gmacillrick81@google.co.uk,Male,Ash Shajarah,69,2001-01-01,68,94,100,2,C,Medium
291,Rozella,Meechan,rmeechan82@naver.com,Female,New York City,51,2000-01-01,95,67,33,3,A,High
292,Noe,Betterton,nbetterton83@usda.gov,Male,Zhongben,71,2013-01-01,75,95,70,5,A,Low
293,Tammi,Edens,tedens84@canalblog.com,Female,Skien,40,2002-01-01,2,2,41,4,C,High
294,Maisie,Redler,mredler85@webmd.com,Female,Carpenter,44,2012-01-01,87,50,77,3,C,Medium
295,Kippie,Conti,kconti86@phoca.cz,Male,Daraitan,77,2009-01-01,84,81,76,1,A,Low
296,Adele,MacAlees,amacalees87@about.com,Female,Rzyki,54,2002-01-01,21,19,82,2,D,Medium
297,Letty,Clyde,lclyde88@mit.edu,Female,Popovi,19,2014-01-01,83,92,15,4,D,High
298,Chryste,Fish,cfish89@telegraph.co.uk,Female,Wuci,23,2010-01-01,22,80,17,2,C,High
299,Valma,Got,vgot8a@shutterfly.com,Female,Ebene,45,2001-01-01,47,16,86,2,B,High
300,Kim,Doran,kdoran8b@apple.com,Female,Yancheng,68,2014-01-01,63,94,1,5,A,High
301,Alwin,Dinsell,adinsell8c@phpbb.com,Male,Ngama,49,2014-01-01,47,49,8,3,A,Low
302,Godart,Baptist,gbaptist8d@vk.com,Male,Marietta,27,2017-01-01,84,5,28,3,A,Low
303,Barnebas,Conningham,bconningham8e@xinhuanet.com,Male,Bamenda,45,2011-01-01,94,20,8,2,A,Medium
304,Jules,Seakes,jseakes8f@japanpost.jp,Male,Bellavista,32,2009-01-01,59,39,75,5,A,High
305,Moshe,Caulder,mcaulder8g@huffingtonpost.com,Male,Pasaco,21,2003-01-01,39,92,13,2,A,High
306,Rakel,Vasyukhichev,rvasyukhichev8h@cbc.ca,Female,Yunxian Chengguanzhen,71,2017-01-01,12,96,50,2,B,Medium
307,Angelia,Asif,aasif8i@fotki.com,Female,Mabugang,60,2013-01-01,61,49,68,3,B,High
308,Wallas,Searchfield,wsearchfield8j@taobao.com,Male,København,33,2001-01-01,75,80,78,2,C,Low
309,Dotti,Sygrove,dsygrove8k@ifeng.com,Female,Tucuran,72,2012-01-01,21,15,72,2,D,High
310,Henri,Swanborough,hswanborough8l@unc.edu,Male,Sedatiagung,80,2020-01-01,33,48,13,4,D,High
311,Lazaro,Pettiward,lpettiward8m@miitbeian.gov.cn,Male,Datong,60,2016-01-01,45,3,16,5,A,High
312,Janos,McCosh,jmccosh8n@bloglines.com,Male,Litian,80,2017-01-01,77,99,23,4,C,Medium
313,Shalna,Gartery,sgartery8o@irs.gov,Female,Piškorevci,80,2018-01-01,100,53,59,4,A,Low
314,Ethelyn,Alabastar,ealabastar8p@miibeian.gov.cn,Female,Shihudang,40,2001-01-01,82,84,77,2,A,Medium
315,Sallyann,Crumbleholme,scrumbleholme8q@china.com.cn,Female,Příbram,76,2000-01-01,86,37,5,4,C,Medium
316,Gordan,Surby,gsurby8r@photobucket.com,Male,Sawahbaru,66,2013-01-01,2,94,9,1,C,Medium
317,Consolata,Shearn,cshearn8s@nih.gov,Female,Abrantes,67,2016-01-01,59,71,63,1,D,High
318,Anni,Peschka,apeschka8t@elegantthemes.com,Female,Shuangtang,39,2007-01-01,65,57,7,3,D,High
319,Sonny,Thrussell,sthrussell8u@diigo.com,Male,Calmar,64,2019-01-01,62,57,49,2,C,Low
320,Lorianna,Measham,lmeasham8v@cam.ac.uk,Female,Miami Beach,29,2012-01-01,85,52,76,5,A,High
321,Adara,Coldham,acoldham8w@ucsd.edu,Female,Barão de São Miguel,61,2004-01-01,73,30,38,3,B,Medium
322,Gerry,Cicutto,gcicutto8x@techcrunch.com,Male,Santa Cruz,53,2012-01-01,76,68,79,5,C,Low
323,Corey,Martinovsky,cmartinovsky8y@fda.gov,Female,Biryukove,63,2010-01-01,91,43,73,1,D,High
324,Ursula,Ffoulkes,uffoulkes8z@g.co,Female,Kalinovskaya,65,2020-01-01,44,28,46,2,C,Medium
325,Nina,Codlin,ncodlin90@list-manage.com,Female,Karangsuko,34,2010-01-01,11,48,8,4,B,Medium
326,Hester,Denne,hdenne91@typepad.com,Female,Lamalewo,64,2006-01-01,21,28,9,4,B,Medium
327,Chris,Hallgath,challgath92@epa.gov,Male,Xiaosong,67,2002-01-01,21,37,97,3,A,Medium
328,Horace,Mantram,hmantram93@php.net,Male,Crateús,30,2014-01-01,67,1,92,1,D,Medium
329,Gerri,Mattielli,gmattielli94@qq.com,Female,Banana Village,72,2020-01-01,49,79,7,3,A,High
330,Isaiah,Deeth,ideeth95@biglobe.ne.jp,Male,Lomma,43,2004-01-01,14,78,60,5,B,High
331,Bea,Baildon,bbaildon96@naver.com,Female,Kuznechnoye,25,2010-01-01,31,66,64,2,B,High
332,Abraham,Mor,amor97@macromedia.com,Male,Södertälje,56,2009-01-01,16,9,37,5,D,Low
333,Ambros,Spottiswoode,aspottiswoode98@skype.com,Male,Dungon,39,2016-01-01,53,21,19,5,A,Medium
334,Giacopo,Wilkin,gwilkin99@themeforest.net,Male,Olleros,35,2012-01-01,81,30,46,2,B,High
335,Philippine,Yakovitch,pyakovitch9a@nationalgeographic.com,Female,Koslan,27,2015-01-01,73,68,95,2,D,High
336,Mada,Dowdell,mdowdell9b@technorati.com,Female,Tercena,77,2020-01-01,18,100,83,3,B,Low
337,Julietta,Battman,jbattman9c@vistaprint.com,Female,San Casimiro,45,2013-01-01,4,93,21,3,A,High
338,Alessandra,Brydon,abrydon9d@bloglovin.com,Female,Podstepki,31,2004-01-01,59,4,31,1,C,Low
339,Aubrey,Abeles,aabeles9e@yale.edu,Female,Chengbei,23,2011-01-01,25,95,83,2,D,Medium
340,Merilee,Guerrieri,mguerrieri9f@ucla.edu,Female,Dokri,26,2011-01-01,15,30,44,2,C,High
341,Basilio,Vakhrushev,bvakhrushev9g@stumbleupon.com,Male,Płoniawy-Bramura,25,2011-01-01,96,45,21,4,C,High
342,Fanchon,Fritche,ffritche9h@yelp.com,Female,Tuqiao,35,2003-01-01,12,67,63,3,D,Medium
343,Gerard,Longmaid,glongmaid9i@gov.uk,Male,Phôngsali,29,2001-01-01,11,94,96,1,D,Low
344,Rosene,Thackwray,rthackwray9j@ow.ly,Female,Babakan,61,2015-01-01,30,21,35,4,B,High
345,Worthy,Joye,wjoye9k@nbcnews.com,Male,Gonça,49,2011-01-01,38,27,68,5,D,Low
346,Homerus,Danzey,hdanzey9l@nymag.com,Male,Kampungruweh,52,2007-01-01,15,19,4,5,D,High
347,Seka,Andreini,sandreini9m@hugedomains.com,Female,Zhouhe,23,2020-01-01,46,49,47,2,C,Medium
348,Michaelina,Stoll,mstoll9n@mlb.com,Female,Vani,75,2003-01-01,17,19,46,4,D,Low
349,Sandye,McLemon,smclemon9o@cyberchimps.com,Female,Milagros,66,2010-01-01,44,6,27,3,C,Low
350,Consolata,Sirr,csirr9p@cloudflare.com,Female,Doko,54,2012-01-01,57,22,87,2,B,Medium
351,Vincenz,Kittow,vkittow9q@wired.com,Male,Panggungwinong,46,2019-01-01,66,10,3,5,B,Low
352,Marianna,Margetts,mmargetts9r@yahoo.co.jp,Female,Hengtanggang,42,2006-01-01,42,76,22,4,B,Low
353,Kristel,Shoesmith,kshoesmith9s@ft.com,Female,Canis,20,2020-01-01,87,67,57,2,A,Low
354,Tracy,Magowan,tmagowan9t@jimdo.com,Female,Moravská Třebová,53,2003-01-01,78,58,59,3,B,Low
355,Alexandr,Beadles,abeadles9u@plala.or.jp,Male,Caçador,56,2001-01-01,1,3,5,2,D,High
356,Devina,Favell,dfavell9v@dailymail.co.uk,Female,Ögöömör,43,2015-01-01,73,26,85,5,C,Medium
357,Emmey,Goves,egoves9w@noaa.gov,Female,Van Nuys,28,2003-01-01,79,10,34,5,D,Medium
358,Klement,Steanson,ksteanson9x@hostgator.com,Male,Troparëvo,60,2018-01-01,45,7,22,3,A,High
359,Lewie,Rosling,lrosling9y@ycombinator.com,Male,Campos Sales,37,2001-01-01,86,72,95,1,C,Medium
360,Thorvald,Youdell,tyoudell9z@woothemes.com,Male,Ponggeok,58,2015-01-01,87,56,62,3,B,Low
361,Luther,Burtwell,lburtwella0@123-reg.co.uk,Male,Jepat Kidul,25,2016-01-01,16,72,4,4,B,High
362,Aurilia,Compston,acompstona1@gnu.org,Female,San Fernando de Atabapo,27,2002-01-01,99,30,5,4,C,Medium
363,Manfred,Oldroyd,moldroyda2@seattletimes.com,Male,Boca Raton,42,2015-01-01,14,29,74,1,A,Medium
364,Thatcher,Corbould,tcorboulda3@skype.com,Male,Gamleby,71,2019-01-01,69,68,65,4,B,Medium
365,Aldon,Porker,aporkera4@geocities.com,Male,Magsalangi,38,2004-01-01,5,39,64,4,B,High
366,Jodie,Quig,jquiga5@163.com,Female,Sobienie Jeziory,74,2007-01-01,62,71,68,2,B,Medium
367,Chickie,Goulter,cgoultera6@utexas.edu,Male,Parry Sound,73,2021-01-01,88,12,98,3,A,Medium
368,Blakelee,Warburton,bwarburtona7@forbes.com,Female,Xinminxiang,72,2014-01-01,96,32,14,1,A,Low
369,Sapphira,Parlatt,sparlatta8@so-net.ne.jp,Female,Berehomet,69,2007-01-01,81,46,92,2,A,Medium
370,Almira,Blunsom,ablunsoma9@amazon.com,Female,Pucara,67,2009-01-01,45,21,23,4,A,Medium
371,Salmon,McClifferty,smccliffertyaa@bandcamp.com,Male,Luka nad Jihlavou,35,2006-01-01,95,65,37,3,C,Medium
372,Jacob,Ganiclef,jganiclefab@devhub.com,Male,Karangmulya,29,2010-01-01,48,61,99,2,B,Low
373,Koral,Rycraft,krycraftac@nbcnews.com,Female,Cajueiro,31,2009-01-01,42,49,12,5,B,Low
374,Anett,Jardein,ajardeinad@yale.edu,Female,Xiuying,38,2018-01-01,87,23,27,4,B,High
375,Osgood,Symper,osymperae@github.io,Male,Dajalorong,52,2007-01-01,19,8,41,5,D,High
376,Michale,Lackney,mlackneyaf@wunderground.com,Male,Salavat,24,2009-01-01,67,35,18,5,D,High
377,Bartholomew,Westley,bwestleyag@google.nl,Male,Avanca,18,2021-01-01,29,43,75,5,B,Low
378,Adham,Myers,amyersah@zdnet.com,Male,Julcamarca,76,2011-01-01,29,93,62,4,B,Low
379,Weider,Olensby,wolensbyai@examiner.com,Male,Saurama,78,2016-01-01,18,46,96,1,B,Medium
380,Cassy,Savile,csavileaj@aboutads.info,Female,Annacotty,23,2001-01-01,86,72,4,1,D,High
381,Ginny,Edgcombe,gedgcombeak@guardian.co.uk,Female,Połaniec,19,2008-01-01,99,39,34,2,A,Low
382,Teddi,Adriaens,tadriaensal@devhub.com,Female,Artsvanist,22,2002-01-01,66,69,88,5,B,High
383,Timmy,Garaghan,tgaraghanam@ca.gov,Male,Przybyszówka,50,2015-01-01,9,36,17,4,B,Medium
384,Yolanda,Heinsh,yheinshan@cornell.edu,Female,Estombar,49,2008-01-01,79,54,45,3,C,High
385,Symon,Meys,smeysao@mtv.com,Male,Heilongkou,59,2017-01-01,52,91,44,5,D,High
386,Jenda,Blackaby,jblackabyap@techcrunch.com,Female,Yongfeng,48,2017-01-01,93,45,16,1,C,Low
387,Murdock,Miall,mmiallaq@domainmarket.com,Male,Bayonne,46,2000-01-01,17,43,56,3,A,Medium
388,Hattie,Minard,hminardar@soundcloud.com,Female,Piskavica,28,2009-01-01,54,7,64,1,C,Low
389,Goober,Jaffrey,gjaffreyas@sakura.ne.jp,Male,Youxi,31,2017-01-01,12,54,53,1,C,High
390,Marylin,Panther,mpantherat@noaa.gov,Female,Taldyqorghan,38,2010-01-01,74,87,3,1,A,High
391,Margy,O'Donovan,modonovanau@topsy.com,Female,Rantaupanjang,55,2014-01-01,99,98,42,2,C,Medium
392,Hanna,Skeemer,hskeemerav@google.ru,Female,Miguel Calmon,79,2010-01-01,84,24,8,3,A,Medium
393,Sibilla,Coppin,scoppinaw@shareasale.com,Female,Merton,30,2016-01-01,44,99,23,5,B,Medium
394,Myrvyn,Gansbuhler,mgansbuhlerax@printfriendly.com,Male,Bihoro,65,2000-01-01,99,18,48,2,B,Medium
395,Markus,Luker,mlukeray@hubpages.com,Male,Birmingham,42,2009-01-01,40,6,38,4,D,Low
396,Sebastien,Lemonnier,slemonnieraz@house.gov,Male,Guadalupe,18,2008-01-01,79,33,35,4,D,High
397,Catlee,O'Dea,codeab0@toplist.cz,Female,Wootton,55,2018-01-01,87,77,34,4,C,Low
398,Kelbee,Tolman,ktolmanb1@sourceforge.net,Male,Xiqiao,26,2015-01-01,62,40,77,2,A,High
399,Ollie,Bumfrey,obumfreyb2@ustream.tv,Female,Santa Ana,78,2019-01-01,87,84,1,4,D,Medium
400,Randall,Beau,rbeaub3@yellowbook.com,Male,Bal Chirāgh,26,2011-01-01,9,4,80,2,D,High
401,Georgianne,Cannaway,gcannawayb4@list-manage.com,Female,Toulon,58,2007-01-01,40,5,4,2,B,Medium
402,Mel,Swainger,mswaingerb5@java.com,Male,Malonty,78,2013-01-01,74,86,88,2,B,Low
403,Mikkel,Devo,mdevob6@youtube.com,Male,Dado,52,2006-01-01,39,67,79,4,C,High
404,Free,Wandrich,fwandrichb7@arizona.edu,Male,Lumbang,47,2019-01-01,37,57,20,5,B,High
405,Kinny,Bulcroft,kbulcroftb8@amazon.co.uk,Male,Bangker,77,2006-01-01,89,96,62,4,D,Medium
406,Michaella,Stilly,mstillyb9@last.fm,Female,Jinbi,55,2003-01-01,7,24,66,1,A,Medium
407,Astrid,Rampage,arampageba@yellowpages.com,Female,Achiras,28,2019-01-01,60,41,28,4,C,Low
408,Danielle,McClaurie,dmcclauriebb@wired.com,Female,Camaquã,62,2018-01-01,92,44,57,4,B,High
409,Benita,Dinnies,bdinniesbc@thetimes.co.uk,Female,Warburton,37,2001-01-01,99,42,89,3,C,Low
410,Dick,Eubank,deubankbd@simplemachines.org,Male,Cabcaben,25,2014-01-01,49,53,52,2,B,Low
411,Armando,Glusby,aglusbybe@themeforest.net,Male,Masjed Soleymān,22,2002-01-01,71,86,37,5,B,Medium
412,Paxon,Wyvill,pwyvillbf@weebly.com,Male,Denver,38,2017-01-01,26,92,66,3,D,Low
413,Melba,Fairbourn,mfairbournbg@pbs.org,Female,Daguma,69,2016-01-01,37,88,25,5,A,Medium
414,Albert,Russell,arussellbh@utexas.edu,Male,Bagnères-de-Bigorre,20,2018-01-01,53,99,25,3,C,Low
415,Tammy,Hoodlass,thoodlassbi@theglobeandmail.com,Male,Bergen,38,2004-01-01,2,79,31,5,A,Low
416,Burch,Pietranek,bpietranekbj@opensource.org,Male,Jiaojie,58,2020-01-01,26,30,90,1,B,Medium
417,Waverly,Harmstone,wharmstonebk@twitter.com,Male,Juan N Alvarez,60,2021-01-01,59,99,21,5,D,High
418,Penny,Druery,pdruerybl@reddit.com,Female,Tân Châu,48,2018-01-01,37,64,98,5,A,High
419,Merry,Skingley,mskingleybm@oaic.gov.au,Female,Pucacaca,51,2016-01-01,49,39,54,2,D,Low
420,Archibaldo,Babinski,ababinskibn@symantec.com,Male,Suren,48,2002-01-01,11,14,87,5,B,Medium
421,Issy,Ternault,iternaultbo@apple.com,Female,Avellaneda,63,2017-01-01,22,71,73,4,D,Medium
422,Elsi,Campes,ecampesbp@nhs.uk,Female,Gaoqiao,66,2005-01-01,61,52,51,5,C,High
423,Gisele,Copello,gcopellobq@wiley.com,Female,Babakandesa,60,2011-01-01,92,95,52,2,C,High
424,Roxana,Tschersich,rtschersichbr@psu.edu,Female,Datong,47,2012-01-01,52,19,34,1,D,Low
425,Gearard,Noon,gnoonbs@upenn.edu,Male,Kalodu,23,2015-01-01,46,53,67,4,B,Low
426,Brigg,Geck,bgeckbt@skyrock.com,Male,Mohoro,69,2005-01-01,57,28,19,5,B,Medium
427,Bidget,Chirm,bchirmbu@engadget.com,Female,Basyūn,58,2014-01-01,8,2,98,1,B,Medium
428,Elladine,Gommey,egommeybv@mapquest.com,Female,Sawaengha,60,2007-01-01,93,61,69,1,D,Low
429,Pooh,Pie,ppiebw@so-net.ne.jp,Male,Pompéu,21,2003-01-01,69,31,34,3,D,Medium
430,Eugenius,Duncanson,eduncansonbx@economist.com,Male,Santa Rosa,35,2007-01-01,63,22,49,3,D,High
431,Stacy,Sabati,ssabatiby@meetup.com,Female,Mahébourg,67,2017-01-01,61,45,39,1,B,High
432,Amalia,Groomebridge,agroomebridgebz@uiuc.edu,Female,Fastovetskaya,37,2006-01-01,83,77,46,4,A,High
433,Darcee,Wigin,dwiginc0@hp.com,Female,Marteleira,32,2015-01-01,11,44,19,2,A,Medium
434,Sella,Wride,swridec1@hatena.ne.jp,Female,Samir,19,2012-01-01,67,59,95,5,A,Low
435,Ainslie,Redier,aredierc2@blog.com,Female,Mindyak,78,2007-01-01,71,77,22,3,C,High
436,Fidela,Acom,facomc3@si.edu,Female,Parque Industrial,28,2005-01-01,33,68,21,2,D,Low
437,Calley,Pedrielli,cpedriellic4@nbcnews.com,Female,Sheksna,47,2011-01-01,20,32,6,5,A,Low
438,Marji,Placstone,mplacstonec5@i2i.jp,Female,Yuncheng,20,2001-01-01,2,89,56,4,B,Medium
439,Benoite,Foresight,bforesightc6@sohu.com,Female,Rathdrum,68,2014-01-01,23,39,49,3,C,Low
440,Wolfy,Heald,whealdc7@edublogs.org,Male,Bowang,59,2012-01-01,68,35,36,2,C,Low
441,Rayshell,Mallinson,rmallinsonc8@zimbio.com,Female,São Martinho de Árvore,41,2004-01-01,45,14,12,2,C,Medium
442,Ralph,Gitting,rgittingc9@yellowbook.com,Male,Budapest,46,2012-01-01,20,24,36,1,A,High
443,Gran,Pulver,gpulverca@paginegialle.it,Male,Kołaczyce,45,2019-01-01,41,35,68,2,A,High
444,Alexander,Endersby,aendersbycb@epa.gov,Male,Santa Cruz,37,2008-01-01,33,31,30,1,C,High
445,Jenine,Juste,jjustecc@toplist.cz,Female,Ros’,73,2009-01-01,38,61,80,2,C,Low
446,Nedi,Esby,nesbycd@scribd.com,Female,Pitogo,43,2016-01-01,93,12,45,4,D,Medium
447,Dorian,Stockman,dstockmance@sphinn.com,Female,Buenavista,38,2006-01-01,78,12,97,4,C,High
448,Inness,Spearing,ispearingcf@usda.gov,Male,Hebian,24,2018-01-01,100,85,61,5,A,Medium
449,Emeline,Grendon,egrendoncg@prnewswire.com,Female,Nkoteng,77,2014-01-01,94,82,8,5,A,Medium
450,Horton,Rapier,hrapierch@hatena.ne.jp,Male,Tucupido,55,2005-01-01,56,80,1,3,A,High
451,Emile,Fulford,efulfordci@ifeng.com,Male,Fuji,80,2021-01-01,46,53,80,3,B,Medium
452,Margie,Dunton,mduntoncj@wikia.com,Female,Anuradhapura,72,2015-01-01,77,88,48,1,A,Low
453,Mason,Benion,mbenionck@blinklist.com,Male,Ourtzagh,78,2015-01-01,79,74,32,1,A,High
454,Lian,Klaiser,lklaisercl@tinypic.com,Female,Itupiranga,66,2001-01-01,66,100,35,5,B,Medium
455,Chrisse,Marlow,cmarlowcm@forbes.com,Male,Duntou,70,2016-01-01,22,100,93,1,C,High
456,Bernice,Ramshaw,bramshawcn@naver.com,Female,Wufeng,55,2021-01-01,98,18,41,5,B,Medium
457,Olly,Glossop,oglossopco@weibo.com,Female,Núi Sập,33,2014-01-01,59,38,97,4,C,Low
458,Gerald,Rishman,grishmancp@purevolume.com,Male,Des Moines,37,2016-01-01,11,25,69,1,D,Medium
459,Lon,Loggie,lloggiecq@instagram.com,Male,Reriz,49,2003-01-01,53,44,20,1,C,High
460,Richardo,Telezhkin,rtelezhkincr@archive.org,Male,Nyzhni Petrivtsi,37,2018-01-01,29,56,76,2,A,High
461,Cull,Cockburn,ccockburncs@livejournal.com,Male,Diré,70,2011-01-01,55,98,74,4,B,Medium
462,Mirna,Cuthbertson,mcuthbertsonct@flavors.me,Female,Elliot,33,2002-01-01,50,66,77,5,A,Low
463,Jammie,Tinston,jtinstoncu@themeforest.net,Female,Lubomierz,66,2009-01-01,75,45,85,1,C,Medium
464,Wallache,de Clerc,wdeclerccv@jugem.jp,Male,Ōzu,44,2019-01-01,86,85,45,3,B,High
465,Rebe,Basant,rbasantcw@ifeng.com,Female,Nailung,27,2003-01-01,83,79,78,4,C,Medium
466,Jephthah,Pruvost,jpruvostcx@wikipedia.org,Male,San Martín Zapotitlán,39,2011-01-01,98,86,8,1,A,Low
467,Godwin,Riccelli,griccellicy@webmd.com,Male,San Pedro,35,2021-01-01,67,34,47,3,D,Medium
468,Peria,Haseman,phasemancz@archive.org,Female,Yanqi,51,2013-01-01,12,38,13,5,C,Low
469,Jerri,Furman,jfurmand0@xrea.com,Male,Heshe,44,2013-01-01,17,10,98,5,A,High
470,Zaria,Meddick,zmeddickd1@gnu.org,Female,Ning’an,34,2011-01-01,48,40,36,3,C,Medium
471,Hayden,Biddell,hbiddelld2@t-online.de,Male,Ankou,59,2005-01-01,58,8,85,2,C,Medium
472,Joanna,Bloxland,jbloxlandd3@ebay.com,Female,Mukun,53,2012-01-01,56,36,68,4,A,Medium
473,Vanny,Maudson,vmaudsond4@cyberchimps.com,Female,Jiakexi,63,2021-01-01,41,44,61,3,A,High
474,Dido,Larkkem,dlarkkemd5@patch.com,Female,Rizal,73,2001-01-01,86,74,87,1,C,High
475,Fair,Chevolleau,fchevolleaud6@sfgate.com,Male,Greensboro,22,2014-01-01,33,91,19,5,B,High
476,Allys,Mennithorp,amennithorpd7@geocities.jp,Female,Karpinsk,30,2003-01-01,80,64,54,5,B,Low
477,Aldin,Bool,aboold8@odnoklassniki.ru,Male,Gawanan,36,2013-01-01,46,14,8,5,B,High
478,Mady,Voas,mvoasd9@flickr.com,Female,Chapecó,80,2015-01-01,1,56,8,3,B,High
479,Luca,Tiley,ltileyda@trellian.com,Male,Nu’erbage,22,2002-01-01,52,77,75,2,B,Medium
480,Joseito,Plover,jploverdb@vimeo.com,Male,Perfilovo,34,2016-01-01,70,1,90,5,A,Low
481,Issy,Lardeux,ilardeuxdc@tripod.com,Female,Shchukino,43,2000-01-01,56,9,43,1,B,Medium
482,Dreddy,Nolda,dnoldadd@unesco.org,Female,Cikandang,44,2011-01-01,98,36,96,1,C,Low
483,Jody,Kretchmer,jkretchmerde@seattletimes.com,Female,Scottsdale,30,2015-01-01,9,20,88,5,A,Medium
484,Mair,Borkett,mborkettdf@netvibes.com,Female,Linjiang,80,2004-01-01,37,96,81,5,B,High
485,Feliza,Park,fparkdg@ucoz.com,Female,Boucherville,19,2001-01-01,72,46,95,4,C,Low
486,Brigida,Giral,bgiraldh@tripadvisor.com,Female,Shamkhor,78,2010-01-01,96,70,16,1,A,Low
487,Nanette,Housin,nhousindi@slashdot.org,Female,Zafarwāl,18,2020-01-01,22,72,22,5,A,Medium
488,Giralda,Sheekey,gsheekeydj@lycos.com,Female,Pancoran,20,2018-01-01,62,77,46,2,D,High
489,Raff,Lyddiatt,rlyddiattdk@tuttocitta.it,Male,Cachoeiras de Macacu,42,2004-01-01,14,92,14,3,C,Medium
490,Gayelord,McTrustie,gmctrustiedl@sun.com,Male,Santa Cruz Cabrália,48,2010-01-01,46,56,25,1,A,Low
491,Robinet,Tidgewell,rtidgewelldm@ucla.edu,Male,Simo Satu,40,2011-01-01,75,97,23,3,A,High
492,Marion,Wolverson,mwolversondn@cmu.edu,Male,Xiangqiao,27,2015-01-01,84,56,47,2,D,High
493,Jorgan,Loads,jloadsdo@shinystat.com,Male,Wao,39,2007-01-01,72,28,99,5,D,High
494,Toby,Moral,tmoraldp@ca.gov,Male,Cumanayagua,65,2014-01-01,51,6,29,4,C,Low
495,Douglass,Churchill,dchurchilldq@census.gov,Male,Villa General Belgrano,59,2000-01-01,27,91,89,3,D,High
496,Ki,Bradman,kbradmandr@dailymail.co.uk,Female,Guanqiao,55,2004-01-01,93,55,78,5,A,High
497,Dale,Gonnet,dgonnetds@freewebs.com,Female,Taungdwingyi,46,2014-01-01,26,7,35,5,B,Medium
498,Caritta,Olfert,colfertdt@sbwire.com,Female,Lampitak,76,2002-01-01,48,88,74,2,D,Medium
499,Briano,Sibbet,bsibbetdu@ebay.co.uk,Male,Xiayang,38,2014-01-01,30,89,4,1,D,High
500,Reggie,Geertje,rgeertjedv@fema.gov,Male,Wuyang,45,2008-01-01,26,87,21,1,C,Low
501,Kyla,Bradberry,kbradberrydw@printfriendly.com,Female,Fangjun,42,2005-01-01,66,77,14,2,D,High
502,Leila,Goning,lgoningdx@csmonitor.com,Female,Sredno Konjare,31,2018-01-01,84,26,11,2,A,High
503,Noelle,Ziemens,nziemensdy@businessweek.com,Female,Melun,38,2009-01-01,59,31,79,4,D,Medium
504,Farica,Jeanequin,fjeanequindz@ebay.co.uk,Female,Jazovo,58,2016-01-01,64,65,38,4,D,Medium
505,Celle,Arpino,carpinoe0@vistaprint.com,Female,Wanzu,47,2021-01-01,9,68,82,2,A,Medium
506,Gunter,Cudby,gcudbye1@canalblog.com,Male,Juren,25,2015-01-01,9,68,77,5,B,High
507,Thatch,Kacheler,tkachelere2@wsj.com,Male,Guadalupe,33,2011-01-01,27,48,74,2,D,High
508,Rodolph,Sherrard,rsherrarde3@umich.edu,Male,Wuma,58,2002-01-01,94,32,28,2,A,Low
509,Jocelin,Lermouth,jlermouthe4@goo.ne.jp,Female,Clermont-Ferrand,44,2021-01-01,19,9,45,1,A,Medium
510,Cecilio,Sowten,csowtene5@about.com,Male,Meizhou,45,2008-01-01,75,73,29,1,B,Medium
511,Carolyn,Cabotto,ccabottoe6@phoca.cz,Female,Foumban,72,2007-01-01,90,51,31,1,D,Low
512,Winifield,Szwandt,wszwandte7@discuz.net,Male,Belgorod,59,2010-01-01,75,64,37,4,D,Medium
513,Carlynne,Butlin,cbutline8@cafepress.com,Female,Novoshakhtinsk,65,2016-01-01,5,95,44,2,C,Medium
514,Sax,Dairton,sdairtone9@spiegel.de,Male,Täby,21,2004-01-01,46,55,67,3,C,Medium
515,Edgardo,Nottram,enottramea@wikimedia.org,Male,Tafí del Valle,38,2016-01-01,71,67,87,3,B,Low
516,Kip,Willoughby,kwilloughbyeb@a8.net,Male,Toledo,25,2000-01-01,86,15,82,2,C,Medium
517,Biddy,Beminster,bbeminsterec@upenn.edu,Female,Newport Beach,66,2008-01-01,95,78,93,3,B,Medium
518,Claresta,Ivanshintsev,civanshintseved@nih.gov,Female,Viengxay,24,2001-01-01,69,72,97,3,D,High
519,De witt,Chichgar,dchichgaree@boston.com,Male,Shagedu,18,2013-01-01,81,20,30,5,A,High
520,Adria,Kesper,akesperef@sogou.com,Female,Xingang,70,2018-01-01,91,70,37,2,A,Medium
521,Garold,Torbet,gtorbeteg@wsj.com,Male,Sundbyberg,54,2014-01-01,90,30,44,1,A,Low
522,Deanne,Deabill,ddeabilleh@yolasite.com,Female,Basen,59,2008-01-01,78,66,2,5,B,Low
523,Michel,Raselles,mrasellesei@macromedia.com,Female,La Estrella,76,2004-01-01,50,98,80,3,B,High
524,Barn,Ledgard,bledgardej@123-reg.co.uk,Male,Kostryzhivka,49,2013-01-01,90,30,60,3,D,High
525,Karlotte,Gaddesby,kgaddesbyek@utexas.edu,Female,Vostok,25,2003-01-01,79,36,46,4,C,High
526,Darryl,Muneely,dmuneelyel@51.la,Male,Osa,52,2002-01-01,93,56,26,1,A,High
527,Inger,Tieman,itiemanem@dyndns.org,Female,San Pablo,18,2000-01-01,12,85,43,1,B,Medium
528,Amery,Souter,asouteren@nytimes.com,Male,Cotton Ground,20,2013-01-01,51,95,10,3,C,Medium
529,Lori,Wintour,lwintoureo@ucoz.com,Female,Skhodnya,59,2006-01-01,63,64,53,2,B,Low
530,Gui,Mirralls,gmirrallsep@twitter.com,Female,Douniani,19,2009-01-01,60,18,86,2,B,High
531,Peter,Beardsworth,pbeardswortheq@smh.com.au,Male,Ostrów Wielkopolski,24,2007-01-01,99,82,35,2,B,Low
532,Cindelyn,Laundon,claundoner@simplemachines.org,Female,Huangtan,54,2019-01-01,86,50,84,4,C,Low
533,Celestina,Winley,cwinleyes@edublogs.org,Female,Ribeira Seca,44,2007-01-01,14,14,60,5,A,High
534,Bertina,Bucknall,bbucknallet@imdb.com,Female,Lopez Jaena,24,2013-01-01,2,64,92,5,A,Low
535,Rafaelia,Muttock,rmuttockeu@columbia.edu,Female,Rogóźno,47,2021-01-01,81,10,27,5,D,Medium
536,Jonas,MacCumiskey,jmaccumiskeyev@rakuten.co.jp,Male,Bene 'Ayish,77,2005-01-01,70,69,7,5,D,Low
537,Constancy,Wallage,cwallageew@jugem.jp,Female,Cabinteely,60,2001-01-01,32,63,91,1,C,Medium
538,Hugues,Harsent,hharsentex@apache.org,Male,Saiki,54,2007-01-01,85,96,71,5,B,Low
539,Bidget,Goneau,bgoneauey@google.fr,Female,Fuyong,56,2001-01-01,18,38,8,2,C,High
540,Samara,Mockes,smockesez@vk.com,Female,Kuafeu,44,2006-01-01,85,58,19,5,C,Medium
541,Pietro,Finnan,pfinnanf0@prlog.org,Male,Tanamiting,26,2011-01-01,93,90,42,1,C,Medium
542,Cullen,Selway,cselwayf1@exblog.jp,Male,Jargalant,64,2017-01-01,1,7,12,5,B,Low
543,Killy,Loveman,klovemanf2@blogs.com,Male,Krychaw,45,2011-01-01,76,52,54,5,A,High
544,Shaine,Splain,ssplainf3@zdnet.com,Male,Queenstown,48,2014-01-01,99,85,7,3,C,Medium
545,Tan,Backs,tbacksf4@shutterfly.com,Male,Puamata,22,2005-01-01,11,17,59,2,A,Low
546,Murray,Snowsill,msnowsillf5@friendfeed.com,Male,Magapit,51,2021-01-01,62,85,61,4,D,High
547,Katrina,Otson,kotsonf6@imdb.com,Female,Zhenping Chengguanzhen,31,2003-01-01,76,64,30,4,A,Low
548,Jade,Jeandet,jjeandetf7@intel.com,Female,Longcheng,79,2013-01-01,98,93,34,3,A,Medium
549,Rozella,Carcass,rcarcassf8@java.com,Female,Prestea,41,2000-01-01,61,97,67,4,D,High
550,Grace,Iddons,giddonsf9@domainmarket.com,Male,Jiguaní,43,2003-01-01,54,1,94,2,D,High
551,Agnola,Osmint,aosmintfa@ihg.com,Female,Qizhen,40,2012-01-01,89,86,26,1,D,Low
552,Fields,Gummer,fgummerfb@epa.gov,Male,Trenggulunan,18,2011-01-01,22,23,82,3,D,Medium
553,Latrena,Gonzalez,lgonzalezfc@cam.ac.uk,Female,Port-au-Prince,49,2020-01-01,84,20,43,2,A,High
554,Odessa,Aguilar,oaguilarfd@squarespace.com,Female,Toupi,48,2002-01-01,88,13,33,2,B,Medium
555,Sammy,Basham,sbashamfe@wufoo.com,Male,Esigodini,56,2002-01-01,83,61,37,5,D,High
556,Eileen,Kief,ekiefff@trellian.com,Female,Poniatowa,45,2020-01-01,34,41,100,5,C,Medium
557,Muffin,Oene,moenefg@admin.ch,Male,Cork,67,2021-01-01,61,14,1,2,C,High
558,Josiah,Olpin,jolpinfh@dot.gov,Male,Gremyachinsk,59,2002-01-01,39,77,58,3,B,High
559,Thaxter,Guildford,tguildfordfi@comsenz.com,Male,Kabukarudi,28,2015-01-01,48,25,93,2,D,Medium
560,Fleming,Hopfner,fhopfnerfj@dyndns.org,Male,Uurainen,67,2004-01-01,35,20,47,3,A,Medium
561,Regen,Durtnel,rdurtnelfk@elegantthemes.com,Male,Xiangfu,61,2005-01-01,84,20,29,5,B,Low
562,Shaw,Beenham,sbeenhamfl@businessinsider.com,Male,Hushi,50,2001-01-01,38,60,7,4,C,High
563,Onofredo,De Miranda,odemirandafm@hhs.gov,Male,Lazaro Cardenas,73,2000-01-01,81,70,38,4,C,Low
564,Ceciley,Moulton,cmoultonfn@netlog.com,Female,Farīmān,44,2015-01-01,75,45,91,3,C,High
565,Franky,Robb,frobbfo@ebay.com,Male,Laiponda,41,2009-01-01,89,32,9,4,C,Low
566,Geoffry,Di Giorgio,gdigiorgiofp@networkadvertising.org,Male,Mogi das Cruzes,56,2020-01-01,40,96,80,1,D,High
567,Florie,Fincher,ffincherfq@hc360.com,Female,Greenwood,30,2012-01-01,79,30,70,1,C,High
568,Domingo,Mullarkey,dmullarkeyfr@dagondesign.com,Male,Pueblo Nuevo,66,2019-01-01,17,38,29,4,D,High
569,Alejandro,Carah,acarahfs@infoseek.co.jp,Male,Mont-Joli,41,2012-01-01,98,94,15,4,A,Medium
570,Candide,Wilmington,cwilmingtonft@moonfruit.com,Female,Rawa,23,2004-01-01,21,31,33,3,C,Low
571,Marjy,Austin,maustinfu@wikispaces.com,Female,Cete,78,2016-01-01,8,72,59,2,B,Medium
572,Emogene,Fenich,efenichfv@prweb.com,Female,Varpaisjärvi,75,2019-01-01,46,47,30,1,B,High
573,Cecile,Sindall,csindallfw@ezinearticles.com,Female,Maogang,80,2002-01-01,37,36,8,1,B,Medium
574,Bax,Poli,bpolifx@wikipedia.org,Male,Tianyu,50,2000-01-01,86,69,78,2,D,Medium
575,Urbanus,Becke,ubeckefy@gnu.org,Male,Xujiahe,46,2017-01-01,4,31,28,5,A,Low
576,Marnie,Edrich,medrichfz@squidoo.com,Female,Zhoujiadian,21,2009-01-01,79,31,72,4,C,Low
577,Washington,Plume,wplumeg0@usgs.gov,Male,Pentaplátano,23,2011-01-01,56,11,37,5,B,Medium
578,Aubrey,Warde,awardeg1@furl.net,Male,Capâo Bonito,74,2019-01-01,65,32,55,5,A,Low
579,Hoebart,O'Scanlon,hoscanlong2@hud.gov,Male,Avarua,65,2013-01-01,93,49,3,4,C,High
580,Heidi,Antognoni,hantognonig3@deliciousdays.com,Female,Lons-le-Saunier,76,2017-01-01,71,67,63,1,C,Low
581,Frasier,Raft,fraftg4@goodreads.com,Male,Stockholm,49,2007-01-01,2,78,11,4,D,High
582,Virgie,Bannell,vbannellg5@accuweather.com,Female,Zelenogorsk,49,2019-01-01,85,4,85,4,A,High
583,Angie,Cowland,acowlandg6@seesaa.net,Male,Amherstburg,68,2008-01-01,96,69,69,3,A,Medium
584,Agosto,Demschke,ademschkeg7@cloudflare.com,Male,Nanjie,67,2006-01-01,15,17,92,2,A,Medium
585,Guthrey,Perchard,gperchardg8@google.com.br,Male,Bendorubuh,20,2012-01-01,34,98,43,1,D,High
586,Eward,Goatman,egoatmang9@behance.net,Male,Wilga,42,2016-01-01,19,88,89,2,A,Low
587,Ailina,Liepina,aliepinaga@ow.ly,Female,Guojiaba,44,2019-01-01,27,67,90,1,D,High
588,Irwin,McQuaker,imcquakergb@samsung.com,Male,Gesikan,35,2021-01-01,25,48,59,2,D,Low
589,Lezley,Barz,lbarzgc@google.co.uk,Male,Suhe,23,2006-01-01,55,22,83,5,A,Medium
590,Gustav,Kiljan,gkiljangd@about.me,Male,Dos Quebradas,66,2011-01-01,26,38,7,1,D,High
591,Aurea,Kettleson,akettlesonge@go.com,Female,Nevers,40,2000-01-01,2,90,46,5,B,High
592,Beckie,Pennaman,bpennamangf@mediafire.com,Female,Amaury,78,2006-01-01,96,58,74,2,B,Low
593,Camila,Stopher,cstophergg@discovery.com,Female,Bentengjawa,37,2007-01-01,80,6,6,5,B,High
594,Wolfgang,Ladlow,wladlowgh@altervista.org,Male,Yanzhou,63,2003-01-01,49,45,56,2,A,High
595,Patty,Simondson,psimondsongi@addtoany.com,Male,Elefsína,62,2006-01-01,93,62,92,1,B,Medium
596,Roseanne,Sandercock,rsandercockgj@shutterfly.com,Female,Angoulême,40,2005-01-01,1,83,10,2,B,High
597,Gal,Woodman,gwoodmangk@nymag.com,Male,Goiânia,74,2006-01-01,28,90,89,5,C,High
598,Aggi,Ankers,aankersgl@tumblr.com,Female,Daloa,29,2014-01-01,87,53,28,5,C,Low
599,Vitia,Gerwood,vgerwoodgm@artisteer.com,Female,Jabungsisir,60,2021-01-01,24,72,23,2,C,Medium
600,Gardner,Scad,gscadgn@sina.com.cn,Male,Briceni,37,2015-01-01,79,95,18,2,A,Low
601,Gwyneth,Sole,gsolego@disqus.com,Female,Hexi,58,2021-01-01,30,15,14,2,A,Low
602,Frazer,Sweeny,fsweenygp@quantcast.com,Male,Chegutu,66,2021-01-01,12,31,66,5,A,Medium
603,Sylas,Riccione,sriccionegq@facebook.com,Male,Pasuruan,59,2011-01-01,53,80,70,1,C,Low
604,Berkie,Rolingson,brolingsongr@imdb.com,Male,Zhangyang,19,2021-01-01,53,64,78,1,D,High
605,Nappie,Murrhaupt,nmurrhauptgs@freewebs.com,Male,Guará,50,2012-01-01,49,15,19,5,A,Low
606,Lissa,Witcherley,lwitcherleygt@privacy.gov.au,Female,Huangjinbu,27,2010-01-01,65,78,53,4,B,Low
607,Philip,Thurbon,pthurbongu@e-recht24.de,Male,Mamfe,59,2004-01-01,51,23,33,2,B,High
608,Verne,Forsdyke,vforsdykegv@mail.ru,Male,Kutno,29,2015-01-01,40,85,63,3,C,Low
609,Keir,Hackleton,khackletongw@princeton.edu,Male,Novalja,35,2003-01-01,77,91,19,4,D,Medium
610,Britteny,Guerry,bguerrygx@washingtonpost.com,Female,Vilppula,19,2012-01-01,66,18,98,1,B,Medium
611,Ezra,Oldridge,eoldridgegy@sitemeter.com,Male,Miaoquan,56,2010-01-01,43,16,3,5,B,Medium
612,Fran,Stonebridge,fstonebridgegz@java.com,Female,Sinabang,59,2003-01-01,18,68,91,4,C,Medium
613,Xenos,Tellesson,xtellessonh0@themeforest.net,Male,Binjiang,58,2005-01-01,35,26,97,5,A,Low
614,Nata,Morgan,nmorganh1@posterous.com,Female,Gourma Rharous,44,2006-01-01,4,65,22,2,A,Low
615,Anthe,Waldera,awalderah2@mysql.com,Female,Čačinci,74,2008-01-01,62,7,8,5,C,High
616,Augie,Bullcock,abullcockh3@hubpages.com,Male,Batas Barat,29,2019-01-01,68,62,78,4,D,Low
617,Jephthah,Whorall,jwhorallh4@wufoo.com,Male,Dongmazar,75,2017-01-01,46,69,73,4,C,High
618,Evelina,McEllen,emcellenh5@symantec.com,Female,Le Mans,43,2004-01-01,1,5,92,2,C,Medium
619,Charleen,Maxwale,cmaxwaleh6@cbsnews.com,Female,Jejkowice,19,2011-01-01,13,68,54,5,A,Low
620,Dorothy,Campione,dcampioneh7@linkedin.com,Female,Kribi,67,2005-01-01,75,5,69,2,C,Medium
621,Maddy,Redington,mredingtonh8@smugmug.com,Male,Tha Maka,75,2007-01-01,18,15,72,4,A,High
622,Merissa,Browell,mbrowellh9@uiuc.edu,Female,Ipiales,30,2007-01-01,73,65,46,1,C,Low
623,Walt,Durnford,wdurnfordha@blog.com,Male,Wang Nam Yen,56,2013-01-01,56,47,81,5,B,Low
624,Madonna,Betteney,mbetteneyhb@tinypic.com,Female,Ronov nad Doubravou,77,2020-01-01,86,68,80,2,A,Low
625,Vivyan,Oliff,voliffhc@slate.com,Female,Phatthalung,18,2020-01-01,26,78,82,2,D,High
626,Barrett,Cuttings,bcuttingshd@mozilla.org,Male,Kafarati,51,2015-01-01,37,55,35,2,B,Medium
627,Fayette,Kersley,fkersleyhe@aboutads.info,Female,Tsagaannuur,50,2003-01-01,60,49,55,1,D,Low
628,Valentijn,McMonies,vmcmonieshf@yellowbook.com,Male,Qiangqinxue,47,2017-01-01,60,38,98,1,D,High
629,Ellery,Walkington,ewalkingtonhg@earthlink.net,Male,Santa Rosa,20,2018-01-01,100,75,93,4,D,Medium
630,Helenelizabeth,Belcham,hbelchamhh@abc.net.au,Female,Garies,24,2013-01-01,53,27,73,1,C,High
631,Rosemary,Prandin,rprandinhi@squidoo.com,Female,Józefów,50,2001-01-01,15,100,74,1,B,Low
632,Giacopo,Skyrme,gskyrmehj@indiatimes.com,Male,Goiatuba,56,2011-01-01,15,42,22,1,D,Medium
633,Jewelle,Branch,jbranchhk@shutterfly.com,Female,Xucheng,50,2004-01-01,26,14,22,2,C,Low
634,Dennis,McCoughan,dmccoughanhl@google.ca,Male,Thạnh Mỹ,20,2010-01-01,39,20,23,4,A,Low
635,Shea,Damrel,sdamrelhm@china.com.cn,Male,Cilolohan,63,2000-01-01,72,73,85,1,D,Low
636,Adolpho,Meier,ameierhn@nbcnews.com,Male,Mariinsk,18,2012-01-01,36,41,65,4,B,Low
637,Marika,McCleod,mmccleodho@google.com,Female,Villa Nueva,47,2010-01-01,46,61,59,4,B,High
638,Daffie,Broxholme,dbroxholmehp@skype.com,Female,Badulla,50,2002-01-01,24,60,50,2,B,Low
639,Wanda,Palumbo,wpalumbohq@bandcamp.com,Female,Fort Pierce,42,2004-01-01,53,36,59,2,C,Medium
640,Dame,Kenefick,dkenefickhr@sphinn.com,Male,Bílovec,29,2010-01-01,13,27,23,1,A,High
641,Erika,Francillo,efrancillohs@japanpost.jp,Female,Fougamou,68,2007-01-01,98,61,37,3,C,Low
642,Joel,Hanbidge,jhanbidgeht@instagram.com,Male,Raniżów,27,2015-01-01,82,83,35,3,C,High
643,Cecelia,Gamett,cgametthu@blogspot.com,Female,Sukahening,26,2006-01-01,80,20,36,2,A,High
644,Hope,Di Lucia,hdiluciahv@ucla.edu,Female,Guangyuan,29,2011-01-01,3,52,69,2,A,Low
645,Nelia,Joysey,njoyseyhw@go.com,Female,Shimoda,29,2003-01-01,95,92,99,5,D,High
646,Rip,Bolan,rbolanhx@marketwatch.com,Male,Makamba,40,2006-01-01,91,76,30,3,C,High
647,Gretchen,Berni,gbernihy@amazon.de,Female,Mazhu,43,2012-01-01,85,2,57,2,A,High
648,Aridatha,Kardos-Stowe,akardosstowehz@sogou.com,Female,Jinanten,57,2008-01-01,41,50,41,3,A,Medium
649,Archibold,Whitchurch,awhitchurchi0@examiner.com,Male,Kuala Lumpur,63,2009-01-01,76,44,2,4,A,High
650,Romeo,Ryves,rryvesi1@rakuten.co.jp,Male,Kresna,57,2017-01-01,23,41,50,5,A,Low
651,Sidney,Thorsen,sthorseni2@bing.com,Male,Kiritsy,45,2006-01-01,77,18,76,3,B,High
652,Danna,Loverock,dloverocki3@ucsd.edu,Female,Horvati,75,2007-01-01,34,39,6,1,A,Low
653,Cal,Hutley,chutleyi4@usa.gov,Male,Przodkowo,21,2003-01-01,80,39,77,1,B,Medium
654,Heda,Geeves,hgeevesi5@fema.gov,Female,Peras Ruivas,77,2021-01-01,84,92,40,2,D,Medium
655,Parsifal,Thomsson,pthomssoni6@people.com.cn,Male,Stung Treng,43,2012-01-01,13,82,69,2,B,Low
656,Harv,Tonsley,htonsleyi7@ow.ly,Male,Sitovo,19,2005-01-01,100,83,40,5,C,High
657,Edik,Hurtado,ehurtadoi8@1688.com,Male,Sukoanyar,50,2016-01-01,14,61,91,3,D,Medium
658,Dannie,Ferenczi,dferenczii9@marketwatch.com,Male,Catabola,23,2016-01-01,28,27,22,2,D,Medium
659,Larina,McRuvie,lmcruvieia@yale.edu,Female,Langxi,63,2007-01-01,12,69,30,4,C,High
660,Rutger,Jeavons,rjeavonsib@netvibes.com,Male,Varybóbi,55,2001-01-01,94,55,11,3,C,Medium
661,Dulci,Domenici,ddomeniciic@ucla.edu,Female,Yur’yev-Pol’skiy,67,2003-01-01,15,28,37,4,D,Low
662,Francklyn,Linfoot,flinfootid@jalbum.net,Male,Ialibu,62,2006-01-01,85,22,39,4,D,Low
663,Gael,Whitmarsh,gwhitmarshie@w3.org,Female,Tarica,18,2021-01-01,37,79,90,4,B,Medium
664,Benyamin,Shackel,bshackelif@ucoz.ru,Male,Lokea,50,2009-01-01,43,33,60,5,A,Medium
665,Berkie,Hennemann,bhennemannig@posterous.com,Male,Drachten,23,2004-01-01,31,6,78,2,C,High
666,Ange,Thorneley,athorneleyih@psu.edu,Male,Lewin Kłodzki,50,2006-01-01,24,15,44,5,B,Medium
667,Faunie,Mellem,fmellemii@reddit.com,Female,Gayabaru,62,2003-01-01,61,49,37,1,C,Medium
668,Brooks,Felkin,bfelkinij@nationalgeographic.com,Male,São Martinho de Árvore,79,2018-01-01,75,99,81,3,B,High
669,Belinda,Dows,bdowsik@51.la,Female,Pālang,47,2007-01-01,99,84,48,5,C,High
670,Tracey,Woolacott,twoolacottil@unesco.org,Female,Bau,59,2020-01-01,53,71,100,1,D,High
671,Alonzo,Piffe,apiffeim@nhs.uk,Male,Ocoyo,48,2011-01-01,52,35,70,3,A,Medium
672,Otis,Lowater,olowaterin@livejournal.com,Male,Luqiao,51,2015-01-01,50,21,41,2,B,High
673,Saundra,Welch,swelchio@is.gd,Male,Putatbasiun,36,2012-01-01,67,94,77,2,C,Medium
674,Winonah,Messer,wmesserip@stanford.edu,Female,Munkfors,49,2008-01-01,91,1,35,1,B,Low
675,Amble,Walcar,awalcariq@usatoday.com,Male,Curuggoong,30,2006-01-01,75,95,98,1,A,Low
676,Monroe,Fipp,mfippir@domainmarket.com,Male,Hezuo,80,2014-01-01,91,95,73,5,B,High
677,Daisy,Cranmor,dcranmoris@japanpost.jp,Female,Tagasilay,58,2013-01-01,5,66,30,1,B,High
678,Engracia,Benitez,ebenitezit@chronoengine.com,Female,Chirkey,71,2000-01-01,97,72,57,1,D,High
679,Ebba,Eckh,eeckhiu@eepurl.com,Female,Wang Muang,60,2015-01-01,57,62,46,1,C,Low
680,Ardella,Troyes,atroyesiv@msn.com,Female,Staroyur’yevo,18,2018-01-01,12,44,56,2,A,Medium
681,Ruttger,Elliker,rellikeriw@chicagotribune.com,Male,Lutomiersk,68,2011-01-01,38,98,42,2,D,High
682,Gradey,Borham,gborhamix@typepad.com,Male,Wunat,64,2020-01-01,40,68,53,2,B,Medium
683,Etan,Bordis,ebordisiy@washingtonpost.com,Male,Jonava,40,2008-01-01,15,79,66,5,B,High
684,Kayle,Ellwell,kellwelliz@about.me,Female,Ilandža,50,2015-01-01,37,53,3,4,C,Low
685,Terra,Haddy,thaddyj0@sciencedaily.com,Female,Oklahoma City,57,2009-01-01,80,82,57,5,C,Medium
686,Kaitlin,Highton,khightonj1@sogou.com,Female,Sinarbakti,35,2009-01-01,17,59,44,4,A,Low
687,Dwayne,Mountlow,dmountlowj2@fastcompany.com,Male,Oceanside,75,2010-01-01,60,94,99,4,B,Medium
688,Rosana,Alexander,ralexanderj3@hatena.ne.jp,Female,Kalpáki,59,2014-01-01,18,82,33,5,B,Low
689,Didi,Hartus,dhartusj4@ning.com,Female,Acao,41,2000-01-01,17,11,66,2,B,High
690,Nettie,Luetchford,nluetchfordj5@aol.com,Female,Jiangkou,32,2000-01-01,36,83,14,2,D,Low
691,Corene,Alexsandrov,calexsandrovj6@canalblog.com,Female,Vynohradiv,67,2016-01-01,74,81,32,4,B,Medium
692,Eddie,Bromage,ebromagej7@goo.gl,Female,Lyubar,58,2007-01-01,27,92,90,2,C,Medium
693,Jenny,Cowden,jcowdenj8@reverbnation.com,Female,Jinxiang,37,2017-01-01,36,32,1,4,D,Low
694,Selma,Twomey,stwomeyj9@irs.gov,Female,Tawau,24,2009-01-01,52,39,74,4,C,High
695,Dulce,Bruffell,dbruffellja@fotki.com,Female,San Vicente,19,2009-01-01,28,32,92,4,A,High
696,Drake,Barneville,dbarnevillejb@google.com.au,Male,Maayong Tubig,59,2007-01-01,73,1,97,1,A,Low
697,Orazio,Raggitt,oraggittjc@go.com,Male,Chãos,58,2018-01-01,25,86,94,1,C,Medium
698,Kirbee,Dedman,kdedmanjd@cafepress.com,Female,Cúa,74,2001-01-01,67,93,79,4,D,High
699,Gilbert,Volk,gvolkje@wordpress.com,Male,Tāybād,65,2000-01-01,66,54,64,3,A,Medium
700,Feliks,Kynton,fkyntonjf@bluehost.com,Male,Eha Amufu,44,2017-01-01,91,39,59,2,C,Low
701,Aurea,Jirieck,ajirieckjg@meetup.com,Female,Pernå,65,2004-01-01,89,97,79,4,A,Medium
702,Gerda,Briscoe,gbriscoejh@sun.com,Female,Khoroshëvo-Mnevniki,79,2008-01-01,78,13,37,1,B,Low
703,Raffaello,Lucien,rlucienji@dmoz.org,Male,Mardā,43,2021-01-01,49,26,35,3,B,Medium
704,Earvin,Coldman,ecoldmanjj@answers.com,Male,Balakasap,73,2004-01-01,40,24,41,3,A,High
705,Stoddard,Neely,sneelyjk@techcrunch.com,Female,Ikata-chō,23,2003-01-01,82,96,65,3,C,High
706,Vladamir,Cotty,vcottyjl@freewebs.com,Male,Chengdong,35,2006-01-01,71,7,83,3,C,High
707,Deeann,Mansel,dmanseljm@dailymotion.com,Female,Baisha,27,2012-01-01,73,34,56,5,B,Medium
708,Odo,Groger,ogrogerjn@columbia.edu,Male,Lere,67,2006-01-01,18,82,5,5,D,Low
709,Samara,Pickvance,spickvancejo@sphinn.com,Female,Sanxi,39,2010-01-01,3,35,43,3,A,Medium
710,Angel,Aleswell,aaleswelljp@aol.com,Male,Kyela,64,2017-01-01,70,83,32,4,D,High
711,Alvira,Wooff,awooffjq@hp.com,Female,Watsa,48,2008-01-01,38,66,23,4,A,Medium
712,Scott,Sarton,ssartonjr@tumblr.com,Male,Fuzhai,70,2009-01-01,22,100,71,5,B,Low
713,Madelene,Cantrell,mcantrelljs@theglobeandmail.com,Female,Girsereng,61,2020-01-01,10,9,46,3,C,Medium
714,Meredithe,Vermer,mvermerjt@51.la,Female,Dongjiahe,45,2014-01-01,15,26,85,3,D,High
715,Fielding,Bleiman,fbleimanju@earthlink.net,Male,Hudlice,29,2014-01-01,97,87,77,1,A,High
716,Godfry,Corradi,gcorradijv@bigcartel.com,Male,Darvi,30,2005-01-01,48,7,56,3,B,High
717,Andy,Peschet,apeschetjw@jiathis.com,Male,Razan,52,2012-01-01,16,86,20,4,A,Medium
718,Kristy,Stichall,kstichalljx@nifty.com,Female,Bāsht,59,2016-01-01,47,20,55,1,C,Medium
719,Jodee,Salmons,jsalmonsjy@moonfruit.com,Female,Weifen,20,2003-01-01,20,74,14,3,A,Medium
720,Marinna,Gaenor,mgaenorjz@cam.ac.uk,Female,Héroumbili,76,2000-01-01,34,76,87,2,A,Medium
721,Delmer,Bhatia,dbhatiak0@scribd.com,Male,Shiban,40,2017-01-01,37,17,53,5,B,High
722,Gardiner,Belitz,gbelitzk1@house.gov,Male,Bokoro,70,2011-01-01,77,37,29,5,C,Low
723,Olwen,Berth,oberthk2@indiatimes.com,Female,Piltown,67,2013-01-01,14,58,29,2,B,High
724,Benedick,Tye,btyek3@icq.com,Male,Xinzhou,49,2014-01-01,68,98,33,5,A,Medium
725,Gerianne,Crux,gcruxk4@naver.com,Female,Bolekhiv,74,2019-01-01,53,65,41,5,C,Medium
726,Jermaine,Lathom,jlathomk5@1und1.de,Female,Pingshi,73,2013-01-01,18,96,31,5,C,High
727,Sher,Crecy,screcyk6@howstuffworks.com,Female,Bayt Maqdūm,26,2001-01-01,63,42,38,5,A,Low
728,Phineas,Brend,pbrendk7@dailymail.co.uk,Male,København,66,2021-01-01,95,11,60,5,C,Low
729,Tersina,Manns,tmannsk8@webmd.com,Female,São Cristóvão,60,2006-01-01,16,32,68,1,D,Low
730,Gonzalo,Northage,gnorthagek9@mediafire.com,Male,Saskylakh,72,2018-01-01,1,97,31,3,D,High
731,Revkah,Matignon,rmatignonka@bravesites.com,Female,Čajniče,35,2002-01-01,4,26,94,2,B,High
732,Fabio,Corney,fcorneykb@a8.net,Male,Tugu,74,2015-01-01,32,12,24,1,C,Low
733,Merry,Cawood,mcawoodkc@deviantart.com,Male,Mujiangping,56,2006-01-01,10,82,48,4,D,Medium
734,Alexina,MacIlurick,amacilurickkd@aol.com,Female,Balzar,50,2011-01-01,92,39,66,3,A,High
735,Gabie,Burkert,gburkertke@google.com,Female,Kalilu,68,2001-01-01,90,90,83,5,A,Medium
736,Leilah,Meadus,lmeaduskf@usa.gov,Female,Garnich,68,2014-01-01,98,54,55,5,A,High
737,Alexa,Barham,abarhamkg@arstechnica.com,Female,Khāliş,22,2011-01-01,78,39,42,5,B,Medium
738,Zora,Bonehill,zbonehillkh@exblog.jp,Female,Tacarigua,30,2001-01-01,46,45,27,3,D,Low
739,Hobart,McGrey,hmcgreyki@dailymail.co.uk,Male,Malilipot,38,2003-01-01,84,98,48,5,A,Medium
740,Abbie,Pickvance,apickvancekj@walmart.com,Male,Enskede,37,2007-01-01,29,10,95,5,C,Low
741,Gasparo,Ings,gingskk@pagesperso-orange.fr,Male,Ban Talat Nua,62,2008-01-01,9,20,38,3,A,Medium
742,Glyn,Crimmins,gcrimminskl@hubpages.com,Male,Huzhen,72,2002-01-01,66,23,48,2,D,Low
743,Valentine,Quidenham,vquidenhamkm@uol.com.br,Male,Hatogaya-honchō,38,2004-01-01,37,21,69,3,A,High
744,Ettie,Tetther,etettherkn@geocities.jp,Female,Wangong,65,2015-01-01,93,89,19,4,C,Medium
745,Minna,Cottle,mcottleko@flickr.com,Female,Sacramento,55,2011-01-01,4,35,55,4,D,High
746,Nikkie,Semrad,nsemradkp@smugmug.com,Female,Béziers,23,2020-01-01,96,95,35,5,B,High
747,Kermit,Jentet,kjentetkq@gmpg.org,Male,Fruitvale,29,2009-01-01,96,18,16,5,C,Medium
748,Bathsheba,Tritten,btrittenkr@shinystat.com,Female,Itapemirim,56,2017-01-01,76,91,89,4,C,Medium
749,Lemmie,Kelleway,lkellewayks@sciencedaily.com,Male,Fray Luis A. Beltrán,28,2017-01-01,82,100,64,4,D,Low
750,Glory,Dennison,gdennisonkt@hugedomains.com,Female,Tipaz,48,2014-01-01,53,91,89,5,A,High
751,Jami,Liddle,jliddleku@t-online.de,Female,Dikirnis,62,2009-01-01,78,96,93,2,B,High
752,Christian,Headey,cheadeykv@themeforest.net,Female,Wobulenzi,27,2012-01-01,24,24,76,2,D,Low
753,Mata,Baldelli,mbaldellikw@so-net.ne.jp,Male,Naukot,55,2020-01-01,94,30,7,5,A,Medium
754,Kalindi,Oxbrough,koxbroughkx@arizona.edu,Female,Beijiang,29,2021-01-01,70,48,12,1,D,High
755,Malcolm,Carreyette,mcarreyetteky@symantec.com,Male,Basiong,51,2020-01-01,61,47,23,5,C,Medium
756,Emmy,Letts,elettskz@opera.com,Female,Baniachang,43,2011-01-01,100,75,71,4,A,Low
757,Leigh,Benettini,lbenettinil0@reverbnation.com,Male,Alameda,31,2013-01-01,80,33,78,4,A,Low
758,Bartholomeo,Braywood,bbraywoodl1@google.ca,Male,Mēga,20,2001-01-01,87,56,10,3,C,Low
759,Rhianon,Coveley,rcoveleyl2@businessweek.com,Female,Huangcun,49,2016-01-01,36,26,70,4,A,Medium
760,Creighton,Reignould,creignouldl3@irs.gov,Male,Medvedovskaya,28,2005-01-01,59,77,58,4,D,High
761,Galen,Flecknell,gflecknelll4@squidoo.com,Male,Yangjingziwan,43,2006-01-01,66,62,26,5,C,Medium
762,Ferd,Biffen,fbiffenl5@addtoany.com,Male,Siikajoki,64,2006-01-01,24,73,9,5,C,Low
763,Dottie,Vany,dvanyl6@nymag.com,Female,Benešov,21,2006-01-01,20,27,77,5,D,High
764,Christabella,Robley,crobleyl7@hostgator.com,Female,Falun,33,2002-01-01,14,80,51,5,C,Low
765,Pavlov,Waldera,pwalderal8@angelfire.com,Male,Bedford,74,2017-01-01,26,65,27,1,C,Low
766,Morgun,Garbutt,mgarbuttl9@vistaprint.com,Male,Sokol,54,2011-01-01,53,86,71,2,D,Medium
767,Clerc,Bennington,cbenningtonla@pcworld.com,Male,Samayac,66,2012-01-01,82,53,25,3,D,Low
768,Kristien,Etridge,ketridgelb@cnbc.com,Female,Khoyniki,75,2005-01-01,92,62,37,1,B,High
769,Christiana,Sarton,csartonlc@tamu.edu,Female,Genzi,59,2003-01-01,43,20,39,5,C,Low
770,Sarge,Paulisch,spaulischld@twitter.com,Male,Bantengan,74,2008-01-01,68,82,78,3,B,High
771,Corbin,Moles,cmolesle@apache.org,Male,Samburat,63,2002-01-01,60,18,30,2,D,Medium
772,Niki,Harcourt,nharcourtlf@geocities.com,Male,Bordeaux,52,2010-01-01,50,82,2,1,B,Low
773,Thorin,Battin,tbattinlg@china.com.cn,Male,Kerep Wetan,35,2000-01-01,42,69,16,3,B,High
774,Hinze,Rowsel,hrowsellh@alexa.com,Male,Moravská Třebová,42,2011-01-01,95,12,39,4,C,Medium
775,Trenton,Sinfield,tsinfieldli@infoseek.co.jp,Male,Arosbaya,28,2013-01-01,17,91,19,2,D,Medium
776,Alyss,Mitie,amitielj@mashable.com,Female,Smimou,28,2009-01-01,35,50,47,3,C,Low
777,Charlotta,Loyndon,cloyndonlk@mit.edu,Female,Andramasina,73,2009-01-01,19,79,37,3,D,High
778,Jerri,Skermer,jskermerll@dot.gov,Male,Ribeira,52,2020-01-01,96,35,65,5,B,Low
779,Diego,Hariot,dhariotlm@tumblr.com,Male,Adolfo Lopez Mateos,63,2007-01-01,91,65,62,3,B,Medium
780,Archaimbaud,Henaughan,ahenaughanln@chicagotribune.com,Male,Emiliano Zapata,21,2019-01-01,72,26,70,4,A,High
781,Bryon,Shardlow,bshardlowlo@state.gov,Male,Xinjie,26,2001-01-01,58,11,67,1,C,High
782,Corinna,Ruggles,cruggleslp@bravesites.com,Female,Semambung,31,2005-01-01,100,3,13,4,B,High
783,Malia,Dalling,mdallinglq@digg.com,Female,Gempol,61,2006-01-01,95,19,7,4,C,Low
784,Stevie,Tidman,stidmanlr@mac.com,Male,Azovo,75,2019-01-01,72,82,80,1,C,High
785,Aloysia,Rookes,arookesls@merriam-webster.com,Female,Leluo,23,2021-01-01,34,55,49,2,B,Medium
786,Winne,Legge,wleggelt@topsy.com,Female,Vodyane,34,2008-01-01,10,36,40,2,B,High
787,Gran,Westnage,gwestnagelu@flavors.me,Male,Nāṟay,44,2010-01-01,88,69,28,2,D,High
788,Lazare,VanBrugh,lvanbrughlv@cafepress.com,Male,Kuala Lumpur,69,2016-01-01,34,9,23,3,A,Medium
789,Ezmeralda,McAuliffe,emcauliffelw@ox.ac.uk,Female,Gachalá,74,2015-01-01,32,74,26,5,B,High
790,Margit,Wheldon,mwheldonlx@cloudflare.com,Female,Tahe,43,2016-01-01,91,94,93,1,D,Medium
791,Danie,McBrearty,dmcbreartyly@wordpress.org,Male,Tutayev,61,2008-01-01,66,40,94,4,A,Medium
792,Aura,Beaten,abeatenlz@nymag.com,Female,Phu Khiao,64,2011-01-01,99,85,58,3,C,High
793,Lucine,Artindale,lartindalem0@clickbank.net,Female,Castainço,56,2003-01-01,95,32,93,4,C,High
794,Andris,Quenell,aquenellm1@51.la,Male,Vysoké nad Jizerou,63,2007-01-01,71,20,76,1,A,Medium
795,Rockwell,Offiler,roffilerm2@youku.com,Male,Midland,36,2020-01-01,55,43,33,5,B,Low
796,Claudian,Kumar,ckumarm3@drupal.org,Male,Ban Talat Bueng,44,2010-01-01,54,55,41,3,C,Medium
797,Thea,Berkery,tberkerym4@icq.com,Female,Corredoura,70,2000-01-01,7,39,34,4,B,Low
798,Emmeline,Longstaff,elongstaffm5@apache.org,Female,Luoping,63,2009-01-01,24,60,44,4,C,High
799,Bruno,Abbado,babbadom6@tinyurl.com,Male,Tangpu,27,2007-01-01,42,21,20,4,C,Low
800,Hymie,Gatley,hgatleym7@indiatimes.com,Male,Chagoda,48,2004-01-01,29,13,9,4,A,Medium
801,Morlee,Presnall,mpresnallm8@java.com,Male,Mělník,25,2015-01-01,5,76,78,1,B,Medium
802,Marlee,Pawlicki,mpawlickim9@parallels.com,Female,Tanjungluar,77,2011-01-01,4,58,59,2,A,Low
803,Kaine,See,kseema@paypal.com,Male,Dongbang,47,2007-01-01,98,32,77,3,C,Low
804,Rachelle,Calloway,rcallowaymb@twitter.com,Female,Cigebrok,79,2014-01-01,82,29,59,4,B,Medium
805,Benita,Durdan,bdurdanmc@irs.gov,Female,Kiel,52,2000-01-01,97,84,75,3,D,Medium
806,Ripley,Matyushonok,rmatyushonokmd@nature.com,Male,Balidian,42,2021-01-01,26,27,30,5,A,Low
807,Eulalie,de Grey,edegreyme@geocities.com,Female,Karangmelok,55,2005-01-01,4,17,68,1,D,High
808,Ailene,Thrower,athrowermf@sourceforge.net,Female,Huanghuatan,74,2001-01-01,82,14,25,4,C,High
809,Vance,Heard,vheardmg@taobao.com,Male,Church End,41,2020-01-01,98,95,43,4,A,Low
810,Renae,Boulsher,rboulshermh@mozilla.com,Female,Kassiri,34,2015-01-01,72,97,67,4,D,Low
811,Shep,Glackin,sglackinmi@yahoo.com,Male,Adare,71,2005-01-01,68,23,21,5,D,Medium
812,Caroline,Sleeny,csleenymj@live.com,Female,Yangjian,80,2010-01-01,36,61,15,3,B,High
813,Kelley,Domotor,kdomotormk@google.ca,Female,Shīnḏanḏ,59,2011-01-01,27,73,73,3,D,High
814,Jacky,Stolle,jstolleml@constantcontact.com,Male,Aizkraukle,45,2013-01-01,97,91,39,2,C,Low
815,Tresa,Codling,tcodlingmm@xinhuanet.com,Female,Sandy Bay,69,2003-01-01,89,49,86,1,B,High
816,Padriac,Pylkynyton,ppylkynytonmn@oracle.com,Male,Steinkjer,32,2011-01-01,83,6,34,1,C,Low
817,Homere,McLevie,hmcleviemo@unc.edu,Male,Ryczywół,51,2007-01-01,50,39,3,3,A,Medium
818,Chandler,Baggelley,cbaggelleymp@who.int,Male,Domoni,38,2005-01-01,29,21,3,1,D,High
819,Olly,Aleshkov,oaleshkovmq@gmpg.org,Female,Belén de Escobar,46,2018-01-01,25,24,24,4,C,Medium
820,Ryley,Harkins,rharkinsmr@noaa.gov,Male,Siquanpu,45,2021-01-01,30,40,28,3,B,High
821,Sollie,Lopes,slopesms@usatoday.com,Male,Huangban,54,2002-01-01,8,46,77,1,A,Medium
822,Lem,Tadgell,ltadgellmt@disqus.com,Male,Santo Antônio de Posse,54,2000-01-01,21,43,72,2,C,Low
823,Balduin,Shimoni,bshimonimu@sciencedaily.com,Male,Aubervilliers,19,2003-01-01,79,13,50,2,A,Low
824,Marni,Trevan,mtrevanmv@independent.co.uk,Female,El Puerto,28,2002-01-01,44,76,39,1,D,Medium
825,Loralyn,Opdenorth,lopdenorthmw@ehow.com,Female,Datong,46,2004-01-01,61,83,83,3,A,Medium
826,Caspar,Defty,cdeftymx@bizjournals.com,Male,Charleroi,48,2019-01-01,98,13,3,2,D,High
827,Corly,Piscopello,cpiscopellomy@senate.gov,Female,Amuru,18,2004-01-01,64,27,100,1,D,Low
828,Briny,Brolechan,bbrolechanmz@patch.com,Female,Druzhny,65,2009-01-01,43,41,65,5,D,Low
829,Marylin,Dyer,mdyern0@seesaa.net,Female,Unidos,62,2016-01-01,92,24,85,5,B,Medium
830,Janaye,Pebworth,jpebworthn1@sina.com.cn,Female,Ostrzeszów,53,2002-01-01,85,36,73,2,D,Medium
831,George,Mackrill,gmackrilln2@simplemachines.org,Male,Santander,70,2006-01-01,98,54,71,2,B,Low
832,Waneta,Merwede,wmerweden3@topsy.com,Female,Svislach,40,2020-01-01,3,48,6,5,C,Low
833,Addie,Swansborough,aswansboroughn4@sfgate.com,Male,Krasnokamensk,25,2007-01-01,86,76,48,4,A,Low
834,Kelley,Gravell,kgravelln5@wordpress.org,Male,Xuetian,58,2009-01-01,64,15,37,4,C,Low
835,Hedi,Search,hsearchn6@xrea.com,Female,Tsotsin-Yurt,62,2008-01-01,100,93,93,5,A,Low
836,Onofredo,Handrick,ohandrickn7@parallels.com,Male,Tiên Phước,53,2009-01-01,93,55,21,3,D,Low
837,Cece,Merriton,cmerritonn8@skype.com,Male,Steblevë,58,2014-01-01,8,41,55,3,D,High
838,Maxim,Revie,mrevien9@google.nl,Male,Goim,79,2002-01-01,42,19,99,2,C,High
839,Napoleon,Mousby,nmousbyna@slashdot.org,Male,Pakel,22,2013-01-01,89,20,24,5,A,Low
840,Joela,Fabb,jfabbnb@cargocollective.com,Female,Haiyu,29,2008-01-01,97,94,65,3,B,Medium
841,Marten,Coffin,mcoffinnc@163.com,Male,Herrera,70,2001-01-01,12,88,24,1,B,High
842,Pollyanna,Jonczyk,pjonczyknd@vk.com,Female,Dera Bugti,35,2013-01-01,37,49,83,4,A,High
843,Dinny,Late,dlatene@lulu.com,Female,Yanjiang,33,2012-01-01,25,12,39,4,B,High
844,Amanda,Kinney,akinneynf@time.com,Female,Kingston,73,2007-01-01,64,15,96,5,D,Medium
845,Marquita,Coverdill,mcoverdillng@whitehouse.gov,Female,Murmino,42,2013-01-01,56,90,15,2,D,Medium
846,Seline,Matches,smatchesnh@google.ru,Female,Suç,59,2000-01-01,41,91,47,5,D,High
847,Bronny,Corkan,bcorkanni@sohu.com,Male,Qiagai,18,2009-01-01,74,19,40,1,C,Medium
848,Dario,Sperwell,dsperwellnj@ifeng.com,Male,Leskovac,39,2018-01-01,42,73,45,3,B,Medium
849,Daisy,Boxen,dboxennk@edublogs.org,Female,Cikaras,51,2016-01-01,7,12,31,2,D,Low
850,Giraud,Chantree,gchantreenl@arstechnica.com,Male,Zaozerne,30,2002-01-01,87,57,52,2,D,Medium
851,Katharine,Lindhe,klindhenm@wsj.com,Female,Áthyra,27,2001-01-01,32,7,93,3,D,Low
852,Gwyn,Cullum,gcullumnn@usgs.gov,Female,Gongdanglegi Kulon,44,2015-01-01,52,42,73,5,B,Low
853,Bobbi,Fildery,bfilderyno@nih.gov,Female,La Victoria,58,2017-01-01,13,45,96,1,D,Low
854,Major,Scoullar,mscoullarnp@independent.co.uk,Male,Qiandeng,30,2007-01-01,67,62,47,2,A,Medium
855,Gustavo,Colling,gcollingnq@uol.com.br,Male,Nelspruit,72,2006-01-01,33,90,14,5,D,Low
856,Cornelius,Dummer,cdummernr@sohu.com,Male,Bīleh Savār,75,2005-01-01,89,29,38,4,B,Medium
857,Rici,Braznell,rbraznellns@china.com.cn,Female,Santa Eulália,26,2014-01-01,49,93,1,2,D,High
858,Dona,Woolland,dwoollandnt@who.int,Female,Smederevo,28,2002-01-01,94,51,50,1,C,High
859,Jack,Pattemore,jpattemorenu@auda.org.au,Male,Stockton,36,2009-01-01,17,88,78,2,A,Low
860,Sophronia,Cordy,scordynv@wikimedia.org,Female,Peras Ruivas,70,2000-01-01,50,83,98,2,C,Low
861,Peggy,Bratten,pbrattennw@google.com,Female,Hacienda La Calera,38,2001-01-01,49,91,94,4,C,Low
862,Ardisj,Reast,areastnx@youtube.com,Female,Date,55,2007-01-01,67,40,91,1,D,Low
863,Ado,Robshaw,arobshawny@dropbox.com,Male,Stizhkivs’ke,49,2014-01-01,9,43,7,4,C,High
864,Dierdre,Neal,dnealnz@posterous.com,Female,Pantano do Sul,75,2003-01-01,81,53,92,4,A,High
865,Eulalie,Springate,espringateo0@nhs.uk,Female,Bhisho,28,2011-01-01,12,12,23,5,B,Low
866,Roseann,Quade,rquadeo1@livejournal.com,Female,Paamiut,37,2004-01-01,17,72,22,1,D,Medium
867,Lauretta,Day,ldayo2@washington.edu,Female,Atambua,67,2004-01-01,21,9,4,1,C,High
868,Whitney,Tree,wtreeo3@bbb.org,Female,Trubchevsk,30,2015-01-01,62,26,5,2,B,Low
869,Zenia,Wiggall,zwiggallo4@digg.com,Female,Liverpool,25,2015-01-01,99,14,44,3,C,High
870,Karie,Lockhart,klockharto5@redcross.org,Female,Daduo,39,2004-01-01,5,72,79,5,A,High
871,Caitlin,Ryding,crydingo6@nationalgeographic.com,Female,Keroka,44,2015-01-01,21,57,7,3,C,High
872,Blythe,Joselin,bjoselino7@bizjournals.com,Female,Mahdia,37,2002-01-01,89,86,39,4,A,High
873,Emyle,Hodge,ehodgeo8@alibaba.com,Female,Daixi,49,2011-01-01,83,46,81,3,C,High
874,Timmy,Seakings,tseakingso9@adobe.com,Female,Brejo Santo,66,2018-01-01,45,72,75,5,B,Low
875,Jonathon,Biaggioni,jbiaggionioa@marriott.com,Male,Zhanping,54,2012-01-01,20,67,24,5,D,Low
876,Francois,Rossoni,frossoniob@amazon.co.jp,Male,Carvalhal,42,2003-01-01,99,27,44,1,D,High
877,Norris,Tomasi,ntomasioc@rediff.com,Male,Sergio Osmeña Sr,74,2015-01-01,12,75,6,4,B,Medium
878,Dorry,Jouaneton,djouanetonod@hc360.com,Female,Saint-Denis,78,2004-01-01,22,10,3,3,D,High
879,Deeyn,Klosges,dklosgesoe@newsvine.com,Female,Turośń Kościelna,54,2010-01-01,91,42,98,2,A,Medium
880,Carmencita,Dougary,cdougaryof@github.io,Female,Longos,80,2001-01-01,85,83,84,5,C,Low
881,Bran,Done,bdoneog@hhs.gov,Male,Klembivka,61,2001-01-01,55,6,62,3,C,Low
882,Flin,Baskerville,fbaskervilleoh@cornell.edu,Male,Vodňany,55,2018-01-01,6,65,3,1,A,High
883,Tabbi,Trevethan,ttrevethanoi@nydailynews.com,Female,Mendes,70,2000-01-01,9,89,34,3,D,Medium
884,Dorothea,Brosi,dbrosioj@amazon.co.uk,Female,Schiedam postbusnummers,25,2001-01-01,26,22,43,3,A,High
885,Nerti,Pettyfar,npettyfarok@instagram.com,Female,Jaworze,41,2010-01-01,77,72,63,5,D,High
886,Clemmie,Eldridge,celdridgeol@bbb.org,Female,Utama Wetan,73,2000-01-01,73,81,26,1,C,Medium
887,Hillie,Doblin,hdoblinom@lulu.com,Male,Pytalovo,21,2008-01-01,82,97,46,5,A,Medium
888,Cissy,Whittock,cwhittockon@photobucket.com,Female,Yanjiang,42,2005-01-01,79,54,31,1,A,Medium
889,Kaspar,Balsdon,kbalsdonoo@comcast.net,Male,Chodová Planá,18,2007-01-01,88,39,9,1,A,Low
890,Twyla,Sangwine,tsangwineop@eepurl.com,Female,Yauca,74,2020-01-01,59,28,42,1,B,High
891,Alfons,Cusworth,acusworthoq@patch.com,Male,Žiželice,55,2012-01-01,68,59,48,5,C,Medium
892,Crista,Harfleet,charfleetor@wordpress.org,Female,Shawnee Mission,70,2011-01-01,57,55,43,3,B,High
893,Midge,Lukasik,mlukasikos@lycos.com,Female,De la Paz,32,2016-01-01,57,70,55,2,A,Low
894,Xerxes,Wattingham,xwattinghamot@dropbox.com,Male,Lelkowo,60,2020-01-01,46,53,96,5,B,High
895,Caldwell,Haburne,chaburneou@baidu.com,Male,Tomarovka,43,2001-01-01,42,62,1,5,A,Medium
896,Hanson,Rosita,hrositaov@google.co.uk,Male,Bailuquan,70,2018-01-01,96,18,17,1,C,Medium
897,Tommy,Swyndley,tswyndleyow@moonfruit.com,Female,Beiqiao,20,2009-01-01,31,28,69,3,A,High
898,Sheridan,Casari,scasariox@dedecms.com,Male,Ruy Barbosa,44,2014-01-01,52,63,45,1,A,High
899,Zaneta,Briant,zbriantoy@cocolog-nifty.com,Female,Lajeado,80,2002-01-01,10,46,15,2,C,Medium
900,Jammal,McKellar,jmckellaroz@last.fm,Male,Huangze,71,2011-01-01,70,48,76,2,D,High
901,Delia,Kirkman,dkirkmanp0@arizona.edu,Female,Gabaldon,52,2009-01-01,29,36,46,3,C,Low
902,Idalia,Esterbrook,iesterbrookp1@exblog.jp,Female,Gibara,29,2002-01-01,84,33,71,4,C,High
903,Corby,Cobley,ccobleyp2@salon.com,Male,Zengji,31,2021-01-01,53,31,42,5,B,Medium
904,Ralina,Orman,rormanp3@networksolutions.com,Female,San Antonio,34,2006-01-01,17,77,100,3,C,High
905,Alana,Rigts,arigtsp4@sogou.com,Female,Sapporo,66,2002-01-01,13,23,32,5,D,Medium
906,Sibylla,Heak,sheakp5@auda.org.au,Female,High Point,40,2017-01-01,63,60,87,3,C,Medium
907,Kali,Lunny,klunnyp6@dropbox.com,Female,Chernigovka,43,2017-01-01,80,29,8,1,C,High
908,Francisco,Bakeup,fbakeupp7@dailymail.co.uk,Male,Pavlogradka,38,2000-01-01,15,28,87,2,D,Low
909,Alec,Warby,awarbyp8@desdev.cn,Male,Zhongzi,53,2017-01-01,69,59,35,3,B,High
910,Gaylor,Thomasson,gthomassonp9@house.gov,Male,Dos Hermanas,78,2019-01-01,55,79,91,3,D,Low
911,Skipton,Lapree,slapreepa@yale.edu,Male,Guanshui,58,2005-01-01,52,66,31,3,D,High
912,Claiborne,Prandini,cprandinipb@bravesites.com,Male,Araxá,54,2012-01-01,31,90,67,3,D,Medium
913,Hector,Ollerearnshaw,hollerearnshawpc@nbcnews.com,Male,Bondokodi,43,2009-01-01,95,24,16,5,A,High
914,Juline,Sidworth,jsidworthpd@oaic.gov.au,Female,Cibenda,74,2011-01-01,78,15,41,1,C,Medium
915,Annabela,Robrow,arobrowpe@addtoany.com,Female,Enskede,30,2019-01-01,92,25,2,4,B,High
916,Brody,Loalday,bloaldaypf@spotify.com,Male,Huancaray,28,2008-01-01,31,75,83,1,D,Medium
917,Gabriel,Van Der Straaten,gvanderstraatenpg@barnesandnoble.com,Male,Pitangui,32,2003-01-01,63,11,5,4,A,Medium
918,Sherwynd,Dennett,sdennettph@who.int,Male,Washington,65,2010-01-01,71,53,52,4,C,High
919,Olly,Worner,owornerpi@biglobe.ne.jp,Female,São Filipe,32,2019-01-01,87,28,63,1,B,High
920,Borden,Noli,bnolipj@linkedin.com,Male,Montelíbano,61,2003-01-01,11,16,81,2,D,High
921,Halley,Dewen,hdewenpk@clickbank.net,Female,Duitama,37,2009-01-01,16,27,74,1,A,High
922,Myriam,Tennewell,mtennewellpl@a8.net,Female,Pulau Pinang,66,2014-01-01,59,73,68,4,C,Medium
923,Collin,Moncarr,cmoncarrpm@google.it,Male,Pingxiang,74,2018-01-01,93,69,100,5,A,Low
924,Johanna,Harriott,jharriottpn@wordpress.com,Female,Marks,37,2000-01-01,99,31,75,5,D,Medium
925,Rose,Govier,rgovierpo@indiatimes.com,Female,Zhenzhushan,20,2018-01-01,5,17,8,3,A,Low
926,Marten,Ledrun,mledrunpp@histats.com,Male,Lingdangge,55,2021-01-01,22,39,100,2,A,High
927,Verney,Trehearne,vtrehearnepq@arizona.edu,Male,Stockholm,63,2012-01-01,41,14,47,5,B,Low
928,Parry,Wivell,pwivellpr@theatlantic.com,Male,Valenciennes,36,2008-01-01,35,81,13,2,C,High
929,Beverley,Lewinton,blewintonps@home.pl,Female,Calaya,65,2014-01-01,63,70,82,3,A,Medium
930,Hal,Deneve,hdenevept@hao123.com,Male,Nol,59,2020-01-01,67,78,68,1,B,Low
931,Aldis,Parlour,aparlourpu@lulu.com,Male,Władysławowo,79,2004-01-01,47,57,66,2,B,High
932,Dori,Gegg,dgeggpv@reuters.com,Female,Dadong,59,2019-01-01,61,81,22,4,C,Medium
933,Anthony,Esler,aeslerpw@adobe.com,Male,Shizuishan,66,2000-01-01,11,12,55,3,A,High
934,Ulrick,Hammerich,uhammerichpx@blogs.com,Male,Tsagaandörvölj,25,2013-01-01,94,36,24,1,D,High
935,Desirae,Sibbe,dsibbepy@canalblog.com,Female,Xiayang,60,2019-01-01,51,24,89,2,C,Low
936,Clyde,Meegin,cmeeginpz@amazonaws.com,Male,Chefchaouene,76,2020-01-01,21,43,66,4,C,High
937,Gayle,Kilfeather,gkilfeatherq0@dedecms.com,Female,Fonte da Vaca,71,2016-01-01,15,72,67,1,D,Medium
938,Reggi,McGaugie,rmcgaugieq1@latimes.com,Female,Glinka,26,2013-01-01,100,98,100,3,A,Medium
939,Albie,Wozencraft,awozencraftq2@tmall.com,Male,Pontevedra,32,2014-01-01,62,9,47,3,A,High
940,Drake,Rheubottom,drheubottomq3@surveymonkey.com,Male,Nadvoitsy,43,2004-01-01,90,79,12,5,C,Medium
941,Tony,Cram,tcramq4@mapy.cz,Male,Chino,60,2017-01-01,54,57,79,2,B,Medium
942,Graig,Manna,gmannaq5@i2i.jp,Male,Paris 02,44,2000-01-01,19,13,89,4,D,High
943,Fritz,Pluck,fpluckq6@newsvine.com,Male,Luowan,80,2012-01-01,56,72,32,1,A,Low
944,Jo,Houlridge,jhoulridgeq7@auda.org.au,Female,Bestovje,35,2012-01-01,5,74,29,5,D,Medium
945,Sigismondo,Playfoot,splayfootq8@un.org,Male,Navotas,25,2021-01-01,27,74,10,4,A,Low
946,Else,Campion,ecampionq9@biblegateway.com,Female,Manisi,30,2011-01-01,15,10,23,1,A,Medium
947,Tori,Lochrie,tlochrieqa@nationalgeographic.com,Female,Surat Thani,44,2001-01-01,68,81,18,4,D,Medium
948,Viv,Showalter,vshowalterqb@bbc.co.uk,Female,Catende,36,2011-01-01,4,51,63,3,D,Low
949,Torey,Marushak,tmarushakqc@hostgator.com,Female,Pervomays’k,33,2000-01-01,52,45,30,1,C,High
950,Olvan,Ruffey,oruffeyqd@mlb.com,Male,Al Qarārah,41,2000-01-01,38,30,68,2,B,Low
951,Kristen,Burrus,kburrusqe@blogspot.com,Female,Qinghaihu,74,2006-01-01,96,49,76,5,A,High
952,Kirstyn,M'cowis,kmcowisqf@theguardian.com,Female,Tân Kỳ,33,2010-01-01,48,44,6,3,C,High
953,Lyssa,Lorenzetti,llorenzettiqg@jugem.jp,Female,Baganga,59,2018-01-01,55,86,98,5,A,Medium
954,Hilton,Ley,hleyqh@cam.ac.uk,Male,Tielu,48,2000-01-01,30,99,53,3,D,Low
955,Kellie,Bush,kbushqi@zdnet.com,Female,Haoba,44,2013-01-01,59,42,96,3,B,High
956,Stefan,Cure,scureqj@ed.gov,Male,Kyshtym,23,2011-01-01,49,92,46,3,D,High
957,Wynne,Beamond,wbeamondqk@arizona.edu,Female,Sotteville-lès-Rouen,41,2006-01-01,75,71,54,3,B,High
958,Caryl,Berthon,cberthonql@nymag.com,Female,Sammatti,30,2013-01-01,29,29,6,3,A,High
959,Hamid,Omar,homarqm@ibm.com,Male,Pulap,38,2021-01-01,91,5,9,3,A,Medium
960,Kareem,Larcier,klarcierqn@vinaora.com,Male,Libertad,49,2003-01-01,70,88,30,1,A,Low
961,Agnella,Bardill,abardillqo@berkeley.edu,Female,Tibati,27,2010-01-01,38,96,60,2,B,Medium
962,Wilone,Giovanardi,wgiovanardiqp@huffingtonpost.com,Female,Huangtugang,57,2010-01-01,5,93,66,5,A,Medium
963,Ricoriki,Thatcher,rthatcherqq@mit.edu,Male,Złoczew,75,2005-01-01,99,71,14,3,A,High
964,Corrie,Sanderson,csandersonqr@geocities.com,Female,Salanegara,45,2013-01-01,95,80,82,5,A,Medium
965,Wallace,Rawes,wrawesqs@pcworld.com,Male,Paynjuwayn,34,2007-01-01,76,66,39,2,A,Medium
966,Fredelia,Carnoghan,fcarnoghanqt@cnbc.com,Female,Nandaime,31,2000-01-01,22,77,92,2,B,Medium
967,Dorine,Jamblin,djamblinqu@skype.com,Female,Dolno Palčište,45,2014-01-01,71,4,34,5,D,Medium
968,Saxe,Syrad,ssyradqv@bizjournals.com,Male,Litvínov,53,2008-01-01,73,93,1,5,D,Low
969,Crichton,Wadesworth,cwadesworthqw@jalbum.net,Male,Paris La Défense,78,2008-01-01,11,35,87,3,B,High
970,Oliviero,De Lasci,odelasciqx@storify.com,Male,Bahaodi,20,2021-01-01,50,21,91,1,C,Low
971,Lynn,Shephard,lshephardqy@blogtalkradio.com,Female,Studénka,19,2020-01-01,14,26,87,4,D,Low
972,Byrle,Bourner,bbournerqz@linkedin.com,Male,Tabonok,25,2011-01-01,53,51,76,5,B,Medium
973,Kahaleel,Cowndley,kcowndleyr0@yahoo.com,Male,Brikama,70,2004-01-01,98,27,44,4,C,Medium
974,Damita,Rowlett,drowlettr1@businessweek.com,Female,Tomaszów Mazowiecki,79,2006-01-01,60,87,9,1,B,High
975,Julietta,Faudrie,jfaudrier2@timesonline.co.uk,Female,Moluo,42,2002-01-01,66,96,55,4,B,High
976,Sheff,Van Hove,svanhover3@noaa.gov,Male,Jianghong,45,2003-01-01,63,39,87,3,A,Medium
977,Ronica,Grier,rgrierr4@flavors.me,Female,Horokhiv,58,2021-01-01,1,65,52,4,A,Medium
978,Kendall,Easson,keassonr5@nyu.edu,Male,Neuquén,63,2001-01-01,40,97,23,4,D,Low
979,Pamelina,Lamb-shine,plambshiner6@answers.com,Female,Melissochóri,62,2004-01-01,24,88,35,4,A,High
980,Barclay,Rugiero,brugieror7@mashable.com,Male,Pikalëvo,76,2006-01-01,79,50,88,3,D,Medium
981,Rayner,Lincey,rlinceyr8@friendfeed.com,Male,Dayr Dibwān,39,2001-01-01,84,27,59,3,B,Medium
982,Tanya,Ramsbottom,tramsbottomr9@scientificamerican.com,Female,Uppsala,39,2008-01-01,80,14,86,5,D,Medium
983,Barnett,Eckhard,beckhardra@feedburner.com,Male,Taiping,21,2008-01-01,43,84,9,4,A,Medium
984,Hersch,Kolodziej,hkolodziejrb@seesaa.net,Male,Deba Habe,47,2009-01-01,63,14,97,2,D,Medium
985,Amalle,McMinn,amcminnrc@de.vu,Female,Fort McMurray,52,2021-01-01,4,56,89,1,A,High
986,Ella,Cornwell,ecornwellrd@cornell.edu,Female,Lingdi,33,2019-01-01,47,45,75,2,A,High
987,Gifford,Waycot,gwaycotre@over-blog.com,Male,Czerniejewo,60,2021-01-01,5,33,28,2,D,High
988,Adriane,Gavan,agavanrf@free.fr,Female,San Carlos,59,2003-01-01,60,90,51,2,B,Medium
989,Sibelle,Ablewhite,sablewhiterg@reference.com,Female,Радолишта,28,2003-01-01,100,19,71,3,D,High
990,Torie,McGloughlin,tmcgloughlinrh@typepad.com,Female,El Paraíso,68,2004-01-01,96,98,45,5,D,Low
991,Emalee,Main,emainri@mozilla.com,Female,Harstad,35,2008-01-01,35,17,51,3,C,High
992,Paolo,Bugbird,pbugbirdrj@irs.gov,Male,Lipovci,24,2014-01-01,66,53,52,5,D,High
993,Cliff,Rigate,crigaterk@merriam-webster.com,Male,Šabac,48,2006-01-01,74,29,62,5,A,Low
994,Celie,Mc Comb,cmccombrl@ibm.com,Female,Ottawa,57,2002-01-01,66,7,88,5,C,Low
995,Hyacinthia,Worters,hwortersrm@walmart.com,Female,As Suwaydā’,69,2001-01-01,86,33,69,4,C,Medium
996,Yolane,Lambertson,ylambertsonrn@npr.org,Female,Dukuhturi,65,2006-01-01,17,31,69,5,A,Medium
997,Filberto,Espasa,fespasaro@ifeng.com,Male,Kalinovskaya,39,2003-01-01,28,54,75,5,A,Medium
998,Winni,Barbary,wbarbaryrp@usda.gov,Female,Boljevac,77,2003-01-01,91,43,34,4,D,Low
999,Vern,Castagnaro,vcastagnarorq@pen.io,Male,Donghai,68,2021-01-01,88,2,38,1,C,Medium
1000,Deena,Myott,dmyottrr@un.org,Female,Vilnius,20,2016-01-01,33,48,85,2,D,Low
